"id","category","name","route","classification","new_ux_location","owning_module","roles","status"
"G01","Global & Authentication","Sign In","/screens/g01/sign-in","MERGE","Guided workflow step, modal or inline action","Global & Authentication","Permission-derived workspace users","Existing route; redesign planned"
"G02","Global & Authentication","SSO / Enterprise Identity Sign In","/screens/g02/sso-enterprise-identity-sign-in","MERGE","Guided workflow step, modal or inline action","Global & Authentication","Permission-derived workspace users","Existing route; redesign planned"
"G03","Global & Authentication","MFA Verification","/screens/g03/mfa-verification","MERGE","Guided workflow step, modal or inline action","Global & Authentication","Permission-derived workspace users","Existing route; redesign planned"
"G04","Global & Authentication","Forgot Password","/screens/g04/forgot-password","MERGE","Guided workflow step, modal or inline action","Global & Authentication","Permission-derived workspace users","Existing route; redesign planned"
"G05","Global & Authentication","Reset Password","/screens/g05/reset-password","MERGE","Guided workflow step, modal or inline action","Global & Authentication","Permission-derived workspace users","Existing route; redesign planned"
"G06","Global & Authentication","First Login / Activate Account","/screens/g06/first-login-activate-account","MERGE","Guided workflow step, modal or inline action","Global & Authentication","Permission-derived workspace users","Existing route; redesign planned"
"G07","Global & Authentication","Accept Terms / Privacy / Required Policies","/screens/g07/accept-terms-privacy-required-policies","MERGE","Guided workflow step, modal or inline action","Global & Authentication","Permission-derived workspace users","Existing route; redesign planned"
"G08","Global & Authentication","Select Tenant / Organisation","/screens/g08/select-tenant-organisation","MERGE","Guided workflow step, modal or inline action","Global & Authentication","Permission-derived workspace users","Existing route; redesign planned"
"G09","Global & Authentication","Select Location / Centre","/screens/g09/select-location-centre","MERGE","Guided workflow step, modal or inline action","Global & Authentication","Permission-derived workspace users","Existing route; redesign planned"
"G10","Global & Authentication","My Profile, Security & Sessions","/screens/g10/my-profile-security-sessions","REDESIGN","Role workspace or operational queue","Global & Authentication","Permission-derived workspace users","Existing route; redesign planned"
"SA01","Platform Super Admin","Platform Executive Dashboard","/screens/sa01/platform-executive-dashboard","REDESIGN","Role workspace or operational queue","Platform Super Admin","Permission-derived workspace users","UI-2 implemented as workspace/admin surface"
"SA02","Platform Super Admin","Tenant Health / Status Dashboard","/screens/sa02/tenant-health-status-dashboard","REDESIGN","Role workspace or operational queue","Platform Super Admin","Permission-derived workspace users","UI-2 implemented as workspace/admin surface"
"SA03","Platform Super Admin","Subscription / Revenue Dashboard","/screens/sa03/subscription-revenue-dashboard","REDESIGN","Role workspace or operational queue","Platform Super Admin","Permission-derived workspace users","UI-2 implemented as workspace/admin surface"
"SA04","Platform Super Admin","Platform Security & Operational Health","/screens/sa04/platform-security-operational-health","REDESIGN","Role workspace or operational queue","Platform Super Admin","Permission-derived workspace users","UI-2 implemented as workspace/admin surface"
"SA05","Platform Super Admin","Organisations / Tenants List","/screens/sa05/organisations-tenants-list","REDESIGN","Role workspace or operational queue","Platform Super Admin","Permission-derived workspace users","UI-2 implemented as workspace/admin surface"
"SA06","Platform Super Admin","Create Tenant Wizard","/screens/sa06/create-tenant-wizard","MERGE","Guided workflow step, modal or inline action","Platform Super Admin","Permission-derived workspace users","UI-2 implemented as workspace/admin surface"
"SA07","Platform Super Admin","Tenant Overview","/screens/sa07/tenant-overview","REDESIGN","Role workspace or operational queue","Platform Super Admin","Permission-derived workspace users","UI-2 implemented as workspace/admin surface"
"SA08","Platform Super Admin","Tenant Organisation Profile","/screens/sa08/tenant-organisation-profile","REDESIGN","Role workspace or client journey surface","Platform Super Admin","Permission-derived workspace users","UI-2 implemented as workspace/admin surface"
"SA09","Platform Super Admin","Tenant Locations","/screens/sa09/tenant-locations","REDESIGN","Role workspace or client journey surface","Platform Super Admin","Permission-derived workspace users","UI-2 implemented as workspace/admin surface"
"SA10","Platform Super Admin","Tenant Subscription","/screens/sa10/tenant-subscription","REDESIGN","Role workspace or client journey surface","Platform Super Admin","Permission-derived workspace users","UI-2 implemented as workspace/admin surface"
"SA11","Platform Super Admin","Tenant Module Entitlements","/screens/sa11/tenant-module-entitlements","REDESIGN","Role workspace or client journey surface","Platform Super Admin","Permission-derived workspace users","UI-2 implemented as workspace/admin surface"
"SA12","Platform Super Admin","Tenant Limits / Usage","/screens/sa12/tenant-limits-usage","REDESIGN","Role workspace or client journey surface","Platform Super Admin","Permission-derived workspace users","UI-2 implemented as workspace/admin surface"
"SA13","Platform Super Admin","Tenant Branding & Domain","/screens/sa13/tenant-branding-domain","REDESIGN","Role workspace or client journey surface","Platform Super Admin","Permission-derived workspace users","UI-2 implemented as workspace/admin surface"
"SA14","Platform Super Admin","Tenant Region / Data Residency","/screens/sa14/tenant-region-data-residency","REDESIGN","Role workspace or client journey surface","Platform Super Admin","Permission-derived workspace users","UI-2 implemented as workspace/admin surface"
"SA15","Platform Super Admin","Tenant Country / Regulatory Profile","/screens/sa15/tenant-country-regulatory-profile","REDESIGN","Role workspace or client journey surface","Platform Super Admin","Permission-derived workspace users","UI-2 implemented as workspace/admin surface"
"SA16","Platform Super Admin","Tenant Administrators","/screens/sa16/tenant-administrators","REDESIGN","Role workspace or client journey surface","Platform Super Admin","Permission-derived workspace users","UI-2 implemented as workspace/admin surface"
"SA17","Platform Super Admin","Tenant Security Configuration","/screens/sa17/tenant-security-configuration","REDESIGN","Role workspace or operational queue","Platform Super Admin","Permission-derived workspace users","UI-2 implemented as workspace/admin surface"
"SA18","Platform Super Admin","Tenant Integration Configuration","/screens/sa18/tenant-integration-configuration","REDESIGN","Role workspace or operational queue","Platform Super Admin","Permission-derived workspace users","UI-2 implemented as workspace/admin surface"
"SA19","Platform Super Admin","Tenant Status / Suspend / Reactivate","/screens/sa19/tenant-status-suspend-reactivate","REDESIGN","Role workspace or client journey surface","Platform Super Admin","Permission-derived workspace users","UI-2 implemented as workspace/admin surface"
"SA20","Platform Super Admin","Tenant Audit","/screens/sa20/tenant-audit","REDESIGN","Role workspace or operational queue","Platform Super Admin","Permission-derived workspace users","UI-2 implemented as workspace/admin surface"
"SA21","Platform Super Admin","Module Registry","/screens/sa21/module-registry","REDESIGN","Role workspace or operational queue","Platform Super Admin","Permission-derived workspace users","UI-2 implemented as workspace/admin surface"
"SA22","Platform Super Admin","Module Detail","/screens/sa22/module-detail","EMBED","Contextual detail, tab, drawer or review panel","Platform Super Admin","Permission-derived workspace users","UI-2 implemented as workspace/admin surface"
"SA23","Platform Super Admin","Permission Catalogue","/screens/sa23/permission-catalogue","REDESIGN","Role workspace or operational queue","Platform Super Admin","Permission-derived workspace users","UI-2 implemented as workspace/admin surface"
"SA24","Platform Super Admin","Subscription Plans / Packages","/screens/sa24/subscription-plans-packages","REDESIGN","Role workspace or client journey surface","Platform Super Admin","Permission-derived workspace users","UI-2 implemented as workspace/admin surface"
"SA25","Platform Super Admin","Plan → Module Mapping","/screens/sa25/plan-module-mapping","REDESIGN","Role workspace or client journey surface","Platform Super Admin","Permission-derived workspace users","UI-2 implemented as workspace/admin surface"
"SA26","Platform Super Admin","Feature / Limit Catalogue","/screens/sa26/feature-limit-catalogue","REDESIGN","Role workspace or operational queue","Platform Super Admin","Permission-derived workspace users","UI-2 implemented as workspace/admin surface"
"SA27","Platform Super Admin","Country / Regulatory Packs","/screens/sa27/country-regulatory-packs","REDESIGN","Role workspace or client journey surface","Platform Super Admin","Permission-derived workspace users","UI-2 implemented as workspace/admin surface"
"SA28","Platform Super Admin","Country Pack Detail","/screens/sa28/country-pack-detail","EMBED","Contextual detail, tab, drawer or review panel","Platform Super Admin","Permission-derived workspace users","UI-2 implemented as workspace/admin surface"
"SA29","Platform Super Admin","Platform Users","/screens/sa29/platform-users","REDESIGN","Role workspace or client journey surface","Platform Super Admin","Permission-derived workspace users","UI-2 implemented as workspace/admin surface"
"SA30","Platform Super Admin","Platform Roles / Permissions","/screens/sa30/platform-roles-permissions","REDESIGN","Role workspace or client journey surface","Platform Super Admin","Permission-derived workspace users","UI-2 implemented as workspace/admin surface"
"SA31","Platform Super Admin","Platform Audit Explorer","/screens/sa31/platform-audit-explorer","REDESIGN","Role workspace or operational queue","Platform Super Admin","Permission-derived workspace users","UI-2 implemented as workspace/admin surface"
"SA32","Platform Super Admin","Platform Configuration / Feature Flags","/screens/sa32/platform-configuration-feature-flags","REDESIGN","Role workspace or operational queue","Platform Super Admin","Permission-derived workspace users","UI-2 implemented as workspace/admin surface"
"TA01","Tenant Administration","Tenant Administration Dashboard","/screens/ta01/tenant-administration-dashboard","REDESIGN","Role workspace or operational queue","Tenant Administration","Permission-derived workspace users","UI-2 implemented as workspace/admin surface"
"TA02","Tenant Administration","Organisation Profile","/screens/ta02/organisation-profile","REDESIGN","Role workspace or client journey surface","Tenant Administration","Permission-derived workspace users","UI-2 implemented as workspace/admin surface"
"TA03","Tenant Administration","Subscription & Entitlements","/screens/ta03/subscription-entitlements","REDESIGN","Role workspace or client journey surface","Tenant Administration","Permission-derived workspace users","UI-2 implemented as workspace/admin surface"
"TA04","Tenant Administration","Usage / Limits","/screens/ta04/usage-limits","REDESIGN","Role workspace or client journey surface","Tenant Administration","Permission-derived workspace users","UI-2 implemented as workspace/admin surface"
"TA05","Tenant Administration","Locations / Centres","/screens/ta05/locations-centres","REDESIGN","Role workspace or client journey surface","Tenant Administration","Permission-derived workspace users","UI-2 implemented as workspace/admin surface"
"TA06","Tenant Administration","Add/Edit Location","/screens/ta06/add-edit-location","MERGE","Guided workflow step, modal or inline action","Tenant Administration","Permission-derived workspace users","UI-2 implemented as workspace/admin surface"
"TA07","Tenant Administration","Facility Structure","/screens/ta07/facility-structure","REDESIGN","Role workspace or client journey surface","Tenant Administration","Permission-derived workspace users","UI-2 implemented as workspace/admin surface"
"TA08","Tenant Administration","Units / Wards","/screens/ta08/units-wards","REDESIGN","Role workspace or client journey surface","Tenant Administration","Permission-derived workspace users","UI-2 implemented as workspace/admin surface"
"TA09","Tenant Administration","Rooms","/screens/ta09/rooms","REDESIGN","Role workspace or client journey surface","Tenant Administration","Permission-derived workspace users","UI-2 implemented as workspace/admin surface"
"TA10","Tenant Administration","Beds","/screens/ta10/beds","REDESIGN","Role workspace or client journey surface","Tenant Administration","Permission-derived workspace users","UI-2 implemented as workspace/admin surface"
"TA11","Tenant Administration","Users","/screens/ta11/users","REDESIGN","Role workspace or client journey surface","Tenant Administration","Permission-derived workspace users","UI-2 implemented as workspace/admin surface"
"TA12","Tenant Administration","Add User","/screens/ta12/add-user","REDESIGN","Role workspace or client journey surface","Tenant Administration","Permission-derived workspace users","UI-2 implemented as workspace/admin surface"
"TA13","Tenant Administration","User Profile","/screens/ta13/user-profile","REDESIGN","Role workspace or client journey surface","Tenant Administration","Permission-derived workspace users","UI-2 implemented as workspace/admin surface"
"TA14","Tenant Administration","User Role Assignment","/screens/ta14/user-role-assignment","MERGE","Guided workflow step, modal or inline action","Tenant Administration","Permission-derived workspace users","UI-2 implemented as workspace/admin surface"
"TA15","Tenant Administration","User Location Assignment","/screens/ta15/user-location-assignment","MERGE","Guided workflow step, modal or inline action","Tenant Administration","Permission-derived workspace users","UI-2 implemented as workspace/admin surface"
"TA16","Tenant Administration","User Access Preview","/screens/ta16/user-access-preview","EMBED","Contextual detail, tab, drawer or review panel","Tenant Administration","Permission-derived workspace users","UI-2 implemented as workspace/admin surface"
"TA17","Tenant Administration","Invite / Activation Status","/screens/ta17/invite-activation-status","REDESIGN","Role workspace or client journey surface","Tenant Administration","Permission-derived workspace users","UI-2 implemented as workspace/admin surface"
"TA18","Tenant Administration","Locked / Suspended Users","/screens/ta18/locked-suspended-users","REDESIGN","Role workspace or client journey surface","Tenant Administration","Permission-derived workspace users","UI-2 implemented as workspace/admin surface"
"TA19","Tenant Administration","Active Sessions","/screens/ta19/active-sessions","REDESIGN","Role workspace or client journey surface","Tenant Administration","Permission-derived workspace users","UI-2 implemented as workspace/admin surface"
"TA20","Tenant Administration","Roles","/screens/ta20/roles","REDESIGN","Role workspace or client journey surface","Tenant Administration","Permission-derived workspace users","UI-2 implemented as workspace/admin surface"
"TA21","Tenant Administration","Create / Edit Role","/screens/ta21/create-edit-role","MERGE","Guided workflow step, modal or inline action","Tenant Administration","Permission-derived workspace users","UI-2 implemented as workspace/admin surface"
"TA22","Tenant Administration","Role Module Assignment","/screens/ta22/role-module-assignment","MERGE","Guided workflow step, modal or inline action","Tenant Administration","Permission-derived workspace users","UI-2 implemented as workspace/admin surface"
"TA23","Tenant Administration","Role Permission Matrix","/screens/ta23/role-permission-matrix","REDESIGN","Role workspace or client journey surface","Tenant Administration","Permission-derived workspace users","UI-2 implemented as workspace/admin surface"
"TA24","Tenant Administration","Role Data Scope","/screens/ta24/role-data-scope","REDESIGN","Role workspace or client journey surface","Tenant Administration","Permission-derived workspace users","UI-2 implemented as workspace/admin surface"
"TA25","Tenant Administration","Role Location Scope","/screens/ta25/role-location-scope","REDESIGN","Role workspace or client journey surface","Tenant Administration","Permission-derived workspace users","UI-2 implemented as workspace/admin surface"
"TA26","Tenant Administration","Effective Access Preview","/screens/ta26/effective-access-preview","EMBED","Contextual detail, tab, drawer or review panel","Tenant Administration","Permission-derived workspace users","UI-2 implemented as workspace/admin surface"
"TA27","Tenant Administration","Clone Role","/screens/ta27/clone-role","REDESIGN","Role workspace or client journey surface","Tenant Administration","Permission-derived workspace users","UI-2 implemented as workspace/admin surface"
"TA28","Tenant Administration","Role Assignment History","/screens/ta28/role-assignment-history","EMBED","Contextual detail, tab, drawer or review panel","Tenant Administration","Permission-derived workspace users","UI-2 implemented as workspace/admin surface"
"TA29","Tenant Administration","Master Configuration Home","/screens/ta29/master-configuration-home","REDESIGN","Role workspace or operational queue","Tenant Administration","Permission-derived workspace users","UI-2 implemented as workspace/admin surface"
"TA30","Tenant Administration","Lookup Types","/screens/ta30/lookup-types","REDESIGN","Role workspace or client journey surface","Tenant Administration","Permission-derived workspace users","UI-2 implemented as workspace/admin surface"
"TA31","Tenant Administration","Lookup Values","/screens/ta31/lookup-values","REDESIGN","Role workspace or client journey surface","Tenant Administration","Permission-derived workspace users","UI-2 implemented as workspace/admin surface"
"TA32","Tenant Administration","Forms & Templates","/screens/ta32/forms-templates","REDESIGN","Role workspace or client journey surface","Tenant Administration","Permission-derived workspace users","UI-2 implemented as workspace/admin surface"
"TA33","Tenant Administration","Form Designer / Versioning","/screens/ta33/form-designer-versioning","REDESIGN","Role workspace or client journey surface","Tenant Administration","Permission-derived workspace users","UI-2 implemented as workspace/admin surface"
"TA34","Tenant Administration","Assessment Definitions","/screens/ta34/assessment-definitions","REDESIGN","Role workspace or client journey surface","Tenant Administration","Permission-derived workspace users","UI-2 implemented as workspace/admin surface"
"TA35","Tenant Administration","Clinical Terminology","/screens/ta35/clinical-terminology","REDESIGN","Role workspace or client journey surface","Tenant Administration","Permission-derived workspace users","UI-2 implemented as workspace/admin surface"
"TA36","Tenant Administration","Document / Communication Templates","/screens/ta36/document-communication-templates","REDESIGN","Role workspace or client journey surface","Tenant Administration","Permission-derived workspace users","UI-2 implemented as workspace/admin surface"
"TA37","Tenant Administration","Tenant Settings","/screens/ta37/tenant-settings","REDESIGN","Role workspace or client journey surface","Tenant Administration","Permission-derived workspace users","UI-2 implemented as workspace/admin surface"
"W01","Staff Home & Work","My Dashboard","/screens/w01/my-dashboard","REDESIGN","Role workspace or operational queue","Staff Home & Work","Permission-derived workspace users","Existing route; redesign planned"
"W02","Staff Home & Work","My Clients","/screens/w02/my-clients","REDESIGN","Role workspace or client journey surface","Staff Home & Work","Permission-derived workspace users","Existing route; redesign planned"
"W03","Staff Home & Work","My Schedule","/screens/w03/my-schedule","REDESIGN","Role workspace or operational queue","Staff Home & Work","Permission-derived workspace users","Existing route; redesign planned"
"W04","Staff Home & Work","My Tasks","/screens/w04/my-tasks","REDESIGN","Role workspace or client journey surface","Staff Home & Work","Permission-derived workspace users","Existing route; redesign planned"
"W05","Staff Home & Work","Team Tasks","/screens/w05/team-tasks","REDESIGN","Role workspace or client journey surface","Staff Home & Work","Permission-derived workspace users","Existing route; redesign planned"
"W06","Staff Home & Work","Notifications","/screens/w06/notifications","REDESIGN","Role workspace or client journey surface","Staff Home & Work","Permission-derived workspace users","Existing route; redesign planned"
"W07","Staff Home & Work","Alerts / Escalations","/screens/w07/alerts-escalations","REDESIGN","Role workspace or client journey surface","Staff Home & Work","Permission-derived workspace users","Existing route; redesign planned"
"W08","Staff Home & Work","Pending Reviews / Signatures","/screens/w08/pending-reviews-signatures","EMBED","Contextual detail, tab, drawer or review panel","Staff Home & Work","Permission-derived workspace users","Existing route; redesign planned"
"W09","Staff Home & Work","Shift / Centre Overview","/screens/w09/shift-centre-overview","REDESIGN","Role workspace or operational queue","Staff Home & Work","Permission-derived workspace users","Existing route; redesign planned"
"R01","Referral & Pre-Admission","Referral / Enquiry Dashboard","/screens/r01/referral-enquiry-dashboard","REDESIGN","Referral queue, screening, matching, admission workflow or Client 360","Referral & Pre-Admission","Permission-derived workspace users","UI-3 implemented in connected referral-to-admission journey"
"R02","Referral & Pre-Admission","Referral List","/screens/r02/referral-list","REDESIGN","Referral queue, screening, matching, admission workflow or Client 360","Referral & Pre-Admission","Permission-derived workspace users","UI-3 implemented in connected referral-to-admission journey"
"R03","Referral & Pre-Admission","New Referral","/screens/r03/new-referral","REDESIGN","Referral queue, screening, matching, admission workflow or Client 360","Referral & Pre-Admission","Permission-derived workspace users","UI-3 implemented in connected referral-to-admission journey"
"R04","Referral & Pre-Admission","Referral Detail","/screens/r04/referral-detail","EMBED","Referral queue, screening, matching, admission workflow or Client 360","Referral & Pre-Admission","Permission-derived workspace users","UI-3 implemented in connected referral-to-admission journey"
"R05","Referral & Pre-Admission","Referral Documents","/screens/r05/referral-documents","REDESIGN","Referral queue, screening, matching, admission workflow or Client 360","Referral & Pre-Admission","Permission-derived workspace users","UI-3 implemented in connected referral-to-admission journey"
"R06","Referral & Pre-Admission","Pre-Admission Screening","/screens/r06/pre-admission-screening","REDESIGN","Referral queue, screening, matching, admission workflow or Client 360","Referral & Pre-Admission","Permission-derived workspace users","UI-3 implemented in connected referral-to-admission journey"
"R07","Referral & Pre-Admission","Eligibility / Suitability Review","/screens/r07/eligibility-suitability-review","EMBED","Referral queue, screening, matching, admission workflow or Client 360","Referral & Pre-Admission","Permission-derived workspace users","UI-3 implemented in connected referral-to-admission journey"
"R08","Referral & Pre-Admission","Referral Clinical Review","/screens/r08/referral-clinical-review","EMBED","Referral queue, screening, matching, admission workflow or Client 360","Referral & Pre-Admission","Permission-derived workspace users","UI-3 implemented in connected referral-to-admission journey"
"R09","Referral & Pre-Admission","Referral Tasks","/screens/r09/referral-tasks","REDESIGN","Referral queue, screening, matching, admission workflow or Client 360","Referral & Pre-Admission","Permission-derived workspace users","UI-3 implemented in connected referral-to-admission journey"
"R10","Referral & Pre-Admission","Referral Communication History","/screens/r10/referral-communication-history","EMBED","Referral queue, screening, matching, admission workflow or Client 360","Referral & Pre-Admission","Permission-derived workspace users","UI-3 implemented in connected referral-to-admission journey"
"R11","Referral & Pre-Admission","Referral Decision","/screens/r11/referral-decision","REDESIGN","Referral queue, screening, matching, admission workflow or Client 360","Referral & Pre-Admission","Permission-derived workspace users","UI-3 implemented in connected referral-to-admission journey"
"R12","Referral & Pre-Admission","Waitlist","/screens/r12/waitlist","REDESIGN","Referral queue, screening, matching, admission workflow or Client 360","Referral & Pre-Admission","Permission-derived workspace users","UI-3 implemented in connected referral-to-admission journey"
"R13","Referral & Pre-Admission","Convert Referral to Admission","/screens/r13/convert-referral-to-admission","MERGE","Referral queue, screening, matching, admission workflow or Client 360","Referral & Pre-Admission","Permission-derived workspace users","UI-3 implemented in connected referral-to-admission journey"
"CR01","Client Registry","Client Search / Registry","/screens/cr01/client-search-registry","REDESIGN","Referral queue, screening, matching, admission workflow or Client 360","Client Registry","Permission-derived workspace users","UI-3 implemented in connected referral-to-admission journey"
"CR02","Client Registry","Register Client","/screens/cr02/register-client","REDESIGN","Referral queue, screening, matching, admission workflow or Client 360","Client Registry","Permission-derived workspace users","UI-3 implemented in connected referral-to-admission journey"
"CR03","Client Registry","Duplicate Candidate Review","/screens/cr03/duplicate-candidate-review","EMBED","Referral queue, screening, matching, admission workflow or Client 360","Client Registry","Permission-derived workspace users","UI-3 implemented in connected referral-to-admission journey"
"CR04","Client Registry","Client Identity","/screens/cr04/client-identity","REDESIGN","Referral queue, screening, matching, admission workflow or Client 360","Client Registry","Permission-derived workspace users","UI-3 implemented in connected referral-to-admission journey"
"CR05","Client Registry","Demographics","/screens/cr05/demographics","REDESIGN","Referral queue, screening, matching, admission workflow or Client 360","Client Registry","Permission-derived workspace users","UI-3 implemented in connected referral-to-admission journey"
"CR06","Client Registry","Contact / Address","/screens/cr06/contact-address","REDESIGN","Referral queue, screening, matching, admission workflow or Client 360","Client Registry","Permission-derived workspace users","UI-3 implemented in connected referral-to-admission journey"
"CR07","Client Registry","Emergency Contacts","/screens/cr07/emergency-contacts","REDESIGN","Referral queue, screening, matching, admission workflow or Client 360","Client Registry","Permission-derived workspace users","UI-3 implemented in connected referral-to-admission journey"
"CR08","Client Registry","Identifiers","/screens/cr08/identifiers","REDESIGN","Referral queue, screening, matching, admission workflow or Client 360","Client Registry","Permission-derived workspace users","UI-3 implemented in connected referral-to-admission journey"
"CR09","Client Registry","Relationships / Family","/screens/cr09/relationships-family","REDESIGN","Referral queue, screening, matching, admission workflow or Client 360","Client Registry","Permission-derived workspace users","UI-3 implemented in connected referral-to-admission journey"
"CR10","Client Registry","Client Merge","/screens/cr10/client-merge","REDESIGN","Referral queue, screening, matching, admission workflow or Client 360","Client Registry","Permission-derived workspace users","UI-3 implemented in connected referral-to-admission journey"
"CR11","Client Registry","Client Correction History","/screens/cr11/client-correction-history","EMBED","Referral queue, screening, matching, admission workflow or Client 360","Client Registry","Permission-derived workspace users","UI-3 implemented in connected referral-to-admission journey"
"P360-01","Client 360","Overview","/screens/p360-01/overview","REDESIGN","Referral queue, screening, matching, admission workflow or Client 360","Client 360","Permission-derived workspace users","UI-3 implemented in connected referral-to-admission journey"
"P360-02","Client 360","Timeline","/screens/p360-02/timeline","REDESIGN","Referral queue, screening, matching, admission workflow or Client 360","Client 360","Permission-derived workspace users","UI-3 implemented in connected referral-to-admission journey"
"P360-03","Client 360","Admissions / Encounters","/screens/p360-03/admissions-encounters","REDESIGN","Referral queue, screening, matching, admission workflow or Client 360","Client 360","Permission-derived workspace users","UI-3 implemented in connected referral-to-admission journey"
"P360-04","Client 360","Problems / Conditions","/screens/p360-04/problems-conditions","REDESIGN","Referral queue, screening, matching, admission workflow or Client 360","Client 360","Permission-derived workspace users","UI-3 implemented in connected referral-to-admission journey"
"P360-05","Client 360","Allergies","/screens/p360-05/allergies","REDESIGN","Referral queue, screening, matching, admission workflow or Client 360","Client 360","Permission-derived workspace users","UI-3 implemented in connected referral-to-admission journey"
"P360-06","Client 360","Assessments","/screens/p360-06/assessments","REDESIGN","Referral queue, screening, matching, admission workflow or Client 360","Client 360","Permission-derived workspace users","UI-3 implemented in connected referral-to-admission journey"
"P360-07","Client 360","Treatment Plan","/screens/p360-07/treatment-plan","REDESIGN","Referral queue, screening, matching, admission workflow or Client 360","Client 360","Permission-derived workspace users","UI-3 implemented in connected referral-to-admission journey"
"P360-08","Client 360","Goals","/screens/p360-08/goals","REDESIGN","Referral queue, screening, matching, admission workflow or Client 360","Client 360","Permission-derived workspace users","UI-3 implemented in connected referral-to-admission journey"
"P360-09","Client 360","Care Team","/screens/p360-09/care-team","REDESIGN","Referral queue, screening, matching, admission workflow or Client 360","Client 360","Permission-derived workspace users","UI-3 implemented in connected referral-to-admission journey"
"P360-10","Client 360","Therapy","/screens/p360-10/therapy","REDESIGN","Referral queue, screening, matching, admission workflow or Client 360","Client 360","Permission-derived workspace users","UI-3 implemented in connected referral-to-admission journey"
"P360-11","Client 360","Medication","/screens/p360-11/medication","REDESIGN","Referral queue, screening, matching, admission workflow or Client 360","Client 360","Permission-derived workspace users","UI-3 implemented in connected referral-to-admission journey"
"P360-12","Client 360","Observations / Vitals","/screens/p360-12/observations-vitals","REDESIGN","Referral queue, screening, matching, admission workflow or Client 360","Client 360","Permission-derived workspace users","UI-3 implemented in connected referral-to-admission journey"
"P360-13","Client 360","Residential","/screens/p360-13/residential","REDESIGN","Referral queue, screening, matching, admission workflow or Client 360","Client 360","Permission-derived workspace users","UI-3 implemented in connected referral-to-admission journey"
"P360-14","Client 360","Diagnostics","/screens/p360-14/diagnostics","REDESIGN","Referral queue, screening, matching, admission workflow or Client 360","Client 360","Permission-derived workspace users","UI-3 implemented in connected referral-to-admission journey"
"P360-15","Client 360","Family","/screens/p360-15/family","REDESIGN","Referral queue, screening, matching, admission workflow or Client 360","Client 360","Permission-derived workspace users","UI-3 implemented in connected referral-to-admission journey"
"P360-16","Client 360","Documents","/screens/p360-16/documents","REDESIGN","Referral queue, screening, matching, admission workflow or Client 360","Client 360","Permission-derived workspace users","UI-3 implemented in connected referral-to-admission journey"
"P360-17","Client 360","Billing","/screens/p360-17/billing","REDESIGN","Referral queue, screening, matching, admission workflow or Client 360","Client 360","Permission-derived workspace users","UI-3 implemented in connected referral-to-admission journey"
"P360-18","Client 360","Aftercare","/screens/p360-18/aftercare","REDESIGN","Referral queue, screening, matching, admission workflow or Client 360","Client 360","Permission-derived workspace users","UI-3 implemented in connected referral-to-admission journey"
"AD01","Admission & Onboarding","Admission Dashboard","/screens/ad01/admission-dashboard","REDESIGN","Referral queue, screening, matching, admission workflow or Client 360","Admission & Onboarding","Permission-derived workspace users","UI-3 implemented in connected referral-to-admission journey"
"AD02","Admission & Onboarding","Admissions List","/screens/ad02/admissions-list","REDESIGN","Referral queue, screening, matching, admission workflow or Client 360","Admission & Onboarding","Permission-derived workspace users","UI-3 implemented in connected referral-to-admission journey"
"AD03","Admission & Onboarding","New Admission Wizard","/screens/ad03/new-admission-wizard","REDESIGN","Referral queue, screening, matching, admission workflow or Client 360","Admission & Onboarding","Permission-derived workspace users","UI-3 implemented in connected referral-to-admission journey"
"AD04","Admission & Onboarding","Admission Details","/screens/ad04/admission-details","EMBED","Referral queue, screening, matching, admission workflow or Client 360","Admission & Onboarding","Permission-derived workspace users","UI-3 implemented in connected referral-to-admission journey"
"AD05","Admission & Onboarding","Programme / Centre Selection","/screens/ad05/programme-centre-selection","MERGE","Referral queue, screening, matching, admission workflow or Client 360","Admission & Onboarding","Permission-derived workspace users","UI-3 implemented in connected referral-to-admission journey"
"AD06","Admission & Onboarding","Room / Bed Allocation","/screens/ad06/room-bed-allocation","REDESIGN","Referral queue, screening, matching, admission workflow or Client 360","Admission & Onboarding","Permission-derived workspace users","UI-3 implemented in connected referral-to-admission journey"
"AD07","Admission & Onboarding","Admission Clinical Information","/screens/ad07/admission-clinical-information","REDESIGN","Referral queue, screening, matching, admission workflow or Client 360","Admission & Onboarding","Permission-derived workspace users","UI-3 implemented in connected referral-to-admission journey"
"AD08","Admission & Onboarding","Identity / Document Verification","/screens/ad08/identity-document-verification","REDESIGN","Referral queue, screening, matching, admission workflow or Client 360","Admission & Onboarding","Permission-derived workspace users","UI-3 implemented in connected referral-to-admission journey"
"AD09","Admission & Onboarding","Consent & Privacy Notices","/screens/ad09/consent-privacy-notices","REDESIGN","Referral queue, screening, matching, admission workflow or Client 360","Admission & Onboarding","Permission-derived workspace users","UI-3 implemented in connected referral-to-admission journey"
"AD10","Admission & Onboarding","Electronic Signature","/screens/ad10/electronic-signature","REDESIGN","Referral queue, screening, matching, admission workflow or Client 360","Admission & Onboarding","Permission-derived workspace users","UI-3 implemented in connected referral-to-admission journey"
"AD11","Admission & Onboarding","Belongings / Valuables","/screens/ad11/belongings-valuables","REDESIGN","Referral queue, screening, matching, admission workflow or Client 360","Admission & Onboarding","Permission-derived workspace users","UI-3 implemented in connected referral-to-admission journey"
"AD12","Admission & Onboarding","Admission Risk Screening","/screens/ad12/admission-risk-screening","REDESIGN","Referral queue, screening, matching, admission workflow or Client 360","Admission & Onboarding","Permission-derived workspace users","UI-3 implemented in connected referral-to-admission journey"
"AD13","Admission & Onboarding","Initial Care Team Assignment","/screens/ad13/initial-care-team-assignment","MERGE","Referral queue, screening, matching, admission workflow or Client 360","Admission & Onboarding","Permission-derived workspace users","UI-3 implemented in connected referral-to-admission journey"
"AD14","Admission & Onboarding","Admission Checklist","/screens/ad14/admission-checklist","REDESIGN","Referral queue, screening, matching, admission workflow or Client 360","Admission & Onboarding","Permission-derived workspace users","UI-3 implemented in connected referral-to-admission journey"
"AD15","Admission & Onboarding","Complete Admission","/screens/ad15/complete-admission","REDESIGN","Referral queue, screening, matching, admission workflow or Client 360","Admission & Onboarding","Permission-derived workspace users","UI-3 implemented in connected referral-to-admission journey"
"CL01","Clinical Assessment","Clinical Workspace","/screens/cl01/clinical-workspace","REDESIGN","Clinical work queue, assessment workspace, care team, treatment plan or MDT","Clinical Assessment","Permission-derived workspace users","UI-4 implemented in functional clinical workflow"
"CL02","Clinical Assessment","Initial Assessment","/screens/cl02/initial-assessment","REDESIGN","Clinical work queue, assessment workspace, care team, treatment plan or MDT","Clinical Assessment","Permission-derived workspace users","UI-4 implemented in functional clinical workflow"
"CL03","Clinical Assessment","Psychiatric Assessment","/screens/cl03/psychiatric-assessment","REDESIGN","Clinical work queue, assessment workspace, care team, treatment plan or MDT","Clinical Assessment","Permission-derived workspace users","UI-4 implemented in functional clinical workflow"
"CL04","Clinical Assessment","Psychological Assessment","/screens/cl04/psychological-assessment","REDESIGN","Clinical work queue, assessment workspace, care team, treatment plan or MDT","Clinical Assessment","Permission-derived workspace users","UI-4 implemented in functional clinical workflow"
"CL05","Clinical Assessment","Physician / Medical Assessment","/screens/cl05/physician-medical-assessment","REDESIGN","Clinical work queue, assessment workspace, care team, treatment plan or MDT","Clinical Assessment","Permission-derived workspace users","UI-4 implemented in functional clinical workflow"
"CL06","Clinical Assessment","Mental Status Examination","/screens/cl06/mental-status-examination","REDESIGN","Clinical work queue, assessment workspace, care team, treatment plan or MDT","Clinical Assessment","Permission-derived workspace users","UI-4 implemented in functional clinical workflow"
"CL07","Clinical Assessment","Substance Use Assessment","/screens/cl07/substance-use-assessment","REDESIGN","Clinical work queue, assessment workspace, care team, treatment plan or MDT","Clinical Assessment","Permission-derived workspace users","UI-4 implemented in functional clinical workflow"
"CL08","Clinical Assessment","Medical History","/screens/cl08/medical-history","EMBED","Clinical work queue, assessment workspace, care team, treatment plan or MDT","Clinical Assessment","Permission-derived workspace users","UI-4 implemented in functional clinical workflow"
"CL09","Clinical Assessment","Psychiatric History","/screens/cl09/psychiatric-history","EMBED","Clinical work queue, assessment workspace, care team, treatment plan or MDT","Clinical Assessment","Permission-derived workspace users","UI-4 implemented in functional clinical workflow"
"CL10","Clinical Assessment","Family / Social History","/screens/cl10/family-social-history","EMBED","Clinical work queue, assessment workspace, care team, treatment plan or MDT","Clinical Assessment","Permission-derived workspace users","UI-4 implemented in functional clinical workflow"
"CL11","Clinical Assessment","Conditions / Diagnoses","/screens/cl11/conditions-diagnoses","REDESIGN","Clinical work queue, assessment workspace, care team, treatment plan or MDT","Clinical Assessment","Permission-derived workspace users","UI-4 implemented in functional clinical workflow"
"CL12","Clinical Assessment","Allergies","/screens/cl12/allergies","REDESIGN","Clinical work queue, assessment workspace, care team, treatment plan or MDT","Clinical Assessment","Permission-derived workspace users","UI-4 implemented in functional clinical workflow"
"CL13","Clinical Assessment","Risk Assessment","/screens/cl13/risk-assessment","REDESIGN","Clinical work queue, assessment workspace, care team, treatment plan or MDT","Clinical Assessment","Permission-derived workspace users","UI-4 implemented in functional clinical workflow"
"CL14","Clinical Assessment","Clinical Note","/screens/cl14/clinical-note","REDESIGN","Clinical work queue, assessment workspace, care team, treatment plan or MDT","Clinical Assessment","Permission-derived workspace users","UI-4 implemented in functional clinical workflow"
"CL15","Clinical Assessment","Note Review / Sign / Correct","/screens/cl15/note-review-sign-correct","EMBED","Clinical work queue, assessment workspace, care team, treatment plan or MDT","Clinical Assessment","Permission-derived workspace users","UI-4 implemented in functional clinical workflow"
"TP01","Treatment Planning","Treatment Plan List","/screens/tp01/treatment-plan-list","REDESIGN","Clinical work queue, assessment workspace, care team, treatment plan or MDT","Treatment Planning","Permission-derived workspace users","UI-4 implemented in functional clinical workflow"
"TP02","Treatment Planning","Create Treatment Plan","/screens/tp02/create-treatment-plan","MERGE","Clinical work queue, assessment workspace, care team, treatment plan or MDT","Treatment Planning","Permission-derived workspace users","UI-4 implemented in functional clinical workflow"
"TP03","Treatment Planning","Treatment Plan Workspace","/screens/tp03/treatment-plan-workspace","REDESIGN","Clinical work queue, assessment workspace, care team, treatment plan or MDT","Treatment Planning","Permission-derived workspace users","UI-4 implemented in functional clinical workflow"
"TP04","Treatment Planning","Problems / Needs","/screens/tp04/problems-needs","REDESIGN","Clinical work queue, assessment workspace, care team, treatment plan or MDT","Treatment Planning","Permission-derived workspace users","UI-4 implemented in functional clinical workflow"
"TP05","Treatment Planning","Goals","/screens/tp05/goals","REDESIGN","Clinical work queue, assessment workspace, care team, treatment plan or MDT","Treatment Planning","Permission-derived workspace users","UI-4 implemented in functional clinical workflow"
"TP06","Treatment Planning","Interventions","/screens/tp06/interventions","REDESIGN","Clinical work queue, assessment workspace, care team, treatment plan or MDT","Treatment Planning","Permission-derived workspace users","UI-4 implemented in functional clinical workflow"
"TP07","Treatment Planning","Responsible Disciplines","/screens/tp07/responsible-disciplines","REDESIGN","Clinical work queue, assessment workspace, care team, treatment plan or MDT","Treatment Planning","Permission-derived workspace users","UI-4 implemented in functional clinical workflow"
"TP08","Treatment Planning","Review Schedule","/screens/tp08/review-schedule","EMBED","Clinical work queue, assessment workspace, care team, treatment plan or MDT","Treatment Planning","Permission-derived workspace users","UI-4 implemented in functional clinical workflow"
"TP09","Treatment Planning","Treatment Plan Review","/screens/tp09/treatment-plan-review","EMBED","Clinical work queue, assessment workspace, care team, treatment plan or MDT","Treatment Planning","Permission-derived workspace users","UI-4 implemented in functional clinical workflow"
"TP10","Treatment Planning","Version Comparison","/screens/tp10/version-comparison","REDESIGN","Clinical work queue, assessment workspace, care team, treatment plan or MDT","Treatment Planning","Permission-derived workspace users","UI-4 implemented in functional clinical workflow"
"TP11","Treatment Planning","Approve / Sign Plan","/screens/tp11/approve-sign-plan","REDESIGN","Clinical work queue, assessment workspace, care team, treatment plan or MDT","Treatment Planning","Permission-derived workspace users","UI-4 implemented in functional clinical workflow"
"MDT01","Multidisciplinary Care Team","Care Team","/screens/mdt01/care-team","REDESIGN","Clinical work queue, assessment workspace, care team, treatment plan or MDT","Multidisciplinary Care Team","Permission-derived workspace users","UI-4 implemented in functional clinical workflow"
"MDT02","Multidisciplinary Care Team","Assign Care Team","/screens/mdt02/assign-care-team","MERGE","Clinical work queue, assessment workspace, care team, treatment plan or MDT","Multidisciplinary Care Team","Permission-derived workspace users","UI-4 implemented in functional clinical workflow"
"MDT03","Multidisciplinary Care Team","MDT Dashboard","/screens/mdt03/mdt-dashboard","REDESIGN","Clinical work queue, assessment workspace, care team, treatment plan or MDT","Multidisciplinary Care Team","Permission-derived workspace users","UI-4 implemented in functional clinical workflow"
"MDT04","Multidisciplinary Care Team","MDT Meetings","/screens/mdt04/mdt-meetings","REDESIGN","Clinical work queue, assessment workspace, care team, treatment plan or MDT","Multidisciplinary Care Team","Permission-derived workspace users","UI-4 implemented in functional clinical workflow"
"MDT05","Multidisciplinary Care Team","Create Meeting","/screens/mdt05/create-meeting","MERGE","Clinical work queue, assessment workspace, care team, treatment plan or MDT","Multidisciplinary Care Team","Permission-derived workspace users","UI-4 implemented in functional clinical workflow"
"MDT06","Multidisciplinary Care Team","Meeting Workspace","/screens/mdt06/meeting-workspace","REDESIGN","Clinical work queue, assessment workspace, care team, treatment plan or MDT","Multidisciplinary Care Team","Permission-derived workspace users","UI-4 implemented in functional clinical workflow"
"MDT07","Multidisciplinary Care Team","MDT Patient Brief","/screens/mdt07/mdt-patient-brief","REDESIGN","Clinical work queue, assessment workspace, care team, treatment plan or MDT","Multidisciplinary Care Team","Permission-derived workspace users","UI-4 implemented in functional clinical workflow"
"MDT08","Multidisciplinary Care Team","Decisions / Actions","/screens/mdt08/decisions-actions","REDESIGN","Clinical work queue, assessment workspace, care team, treatment plan or MDT","Multidisciplinary Care Team","Permission-derived workspace users","UI-4 implemented in functional clinical workflow"
"MDT09","Multidisciplinary Care Team","Handover","/screens/mdt09/handover","REDESIGN","Clinical work queue, assessment workspace, care team, treatment plan or MDT","Multidisciplinary Care Team","Permission-derived workspace users","UI-4 implemented in functional clinical workflow"
"MDT10","Multidisciplinary Care Team","Team Workload","/screens/mdt10/team-workload","REDESIGN","Clinical work queue, assessment workspace, care team, treatment plan or MDT","Multidisciplinary Care Team","Permission-derived workspace users","UI-4 implemented in functional clinical workflow"
"TH01","Therapy Management","Therapy Dashboard","/screens/th01/therapy-dashboard","REDESIGN","Role workspace or operational queue","Therapy Management","Permission-derived workspace users","Existing route; redesign planned"
"TH02","Therapy Management","Therapy Calendar","/screens/th02/therapy-calendar","REDESIGN","Role workspace or operational queue","Therapy Management","Permission-derived workspace users","Existing route; redesign planned"
"TH03","Therapy Management","Therapy Programmes","/screens/th03/therapy-programmes","REDESIGN","Role workspace or client journey surface","Therapy Management","Permission-derived workspace users","Existing route; redesign planned"
"TH04","Therapy Management","Therapy Modalities","/screens/th04/therapy-modalities","REDESIGN","Role workspace or client journey surface","Therapy Management","Permission-derived workspace users","Existing route; redesign planned"
"TH05","Therapy Management","Schedule Individual Session","/screens/th05/schedule-individual-session","REDESIGN","Role workspace or operational queue","Therapy Management","Permission-derived workspace users","Existing route; redesign planned"
"TH06","Therapy Management","Schedule Group Session","/screens/th06/schedule-group-session","REDESIGN","Role workspace or operational queue","Therapy Management","Permission-derived workspace users","Existing route; redesign planned"
"TH07","Therapy Management","Group Roster","/screens/th07/group-roster","REDESIGN","Role workspace or client journey surface","Therapy Management","Permission-derived workspace users","Existing route; redesign planned"
"TH08","Therapy Management","Session Workspace","/screens/th08/session-workspace","REDESIGN","Role workspace or operational queue","Therapy Management","Permission-derived workspace users","Existing route; redesign planned"
"TH09","Therapy Management","Attendance","/screens/th09/attendance","REDESIGN","Role workspace or client journey surface","Therapy Management","Permission-derived workspace users","Existing route; redesign planned"
"TH10","Therapy Management","Session Note","/screens/th10/session-note","REDESIGN","Role workspace or client journey surface","Therapy Management","Permission-derived workspace users","Existing route; redesign planned"
"TH11","Therapy Management","Group Note","/screens/th11/group-note","REDESIGN","Role workspace or client journey surface","Therapy Management","Permission-derived workspace users","Existing route; redesign planned"
"TH12","Therapy Management","Pre/Post Measures","/screens/th12/pre-post-measures","REDESIGN","Role workspace or client journey surface","Therapy Management","Permission-derived workspace users","Existing route; redesign planned"
"TH13","Therapy Management","Session History","/screens/th13/session-history","EMBED","Contextual detail, tab, drawer or review panel","Therapy Management","Permission-derived workspace users","Existing route; redesign planned"
"TH14","Therapy Management","Therapist Caseload","/screens/th14/therapist-caseload","REDESIGN","Role workspace or client journey surface","Therapy Management","Permission-derived workspace users","Existing route; redesign planned"
"TH15","Therapy Management","Therapy Outcomes","/screens/th15/therapy-outcomes","REDESIGN","Role workspace or client journey surface","Therapy Management","Permission-derived workspace users","Existing route; redesign planned"
"AS01","Standardised Assessments","Assessment Dashboard","/screens/as01/assessment-dashboard","REDESIGN","Role workspace or operational queue","Standardised Assessments","Permission-derived workspace users","Existing route; redesign planned"
"AS02","Standardised Assessments","Assessment Catalogue","/screens/as02/assessment-catalogue","REDESIGN","Role workspace or operational queue","Standardised Assessments","Permission-derived workspace users","Existing route; redesign planned"
"AS03","Standardised Assessments","Assign Assessment","/screens/as03/assign-assessment","MERGE","Guided workflow step, modal or inline action","Standardised Assessments","Permission-derived workspace users","Existing route; redesign planned"
"AS04","Standardised Assessments","Assessment Queue","/screens/as04/assessment-queue","REDESIGN","Role workspace or operational queue","Standardised Assessments","Permission-derived workspace users","Existing route; redesign planned"
"AS05","Standardised Assessments","Complete Assessment","/screens/as05/complete-assessment","REDESIGN","Role workspace or client journey surface","Standardised Assessments","Permission-derived workspace users","Existing route; redesign planned"
"AS06","Standardised Assessments","Clinician-Administered Assessment","/screens/as06/clinician-administered-assessment","REDESIGN","Role workspace or client journey surface","Standardised Assessments","Permission-derived workspace users","Existing route; redesign planned"
"AS07","Standardised Assessments","Patient Self-Assessment","/screens/as07/patient-self-assessment","REDESIGN","Role workspace or client journey surface","Standardised Assessments","Permission-derived workspace users","Existing route; redesign planned"
"AS08","Standardised Assessments","Assessment Result","/screens/as08/assessment-result","EMBED","Contextual detail, tab, drawer or review panel","Standardised Assessments","Permission-derived workspace users","Existing route; redesign planned"
"AS09","Standardised Assessments","Trend View","/screens/as09/trend-view","EMBED","Contextual detail, tab, drawer or review panel","Standardised Assessments","Permission-derived workspace users","Existing route; redesign planned"
"AS10","Standardised Assessments","Critical Response Review","/screens/as10/critical-response-review","EMBED","Contextual detail, tab, drawer or review panel","Standardised Assessments","Permission-derived workspace users","Existing route; redesign planned"
"AS11","Standardised Assessments","Assessment History","/screens/as11/assessment-history","EMBED","Contextual detail, tab, drawer or review panel","Standardised Assessments","Permission-derived workspace users","Existing route; redesign planned"
"AS12","Standardised Assessments","Scoring / Version Evidence","/screens/as12/scoring-version-evidence","EMBED","Contextual detail, tab, drawer or review panel","Standardised Assessments","Permission-derived workspace users","Existing route; redesign planned"
"MED01","Medication","Medication Dashboard","/screens/med01/medication-dashboard","REDESIGN","Role workspace or operational queue","Medication","Permission-derived workspace users","Existing route; redesign planned"
"MED02","Medication","Current Medication List","/screens/med02/current-medication-list","REDESIGN","Role workspace or operational queue","Medication","Permission-derived workspace users","Existing route; redesign planned"
"MED03","Medication","Medication Reconciliation","/screens/med03/medication-reconciliation","REDESIGN","Role workspace or client journey surface","Medication","Permission-derived workspace users","Existing route; redesign planned"
"MED04","Medication","Create Medication Order","/screens/med04/create-medication-order","MERGE","Guided workflow step, modal or inline action","Medication","Permission-derived workspace users","Existing route; redesign planned"
"MED05","Medication","Medication Order Detail","/screens/med05/medication-order-detail","EMBED","Contextual detail, tab, drawer or review panel","Medication","Permission-derived workspace users","Existing route; redesign planned"
"MED06","Medication","Prescription Review","/screens/med06/prescription-review","EMBED","Contextual detail, tab, drawer or review panel","Medication","Permission-derived workspace users","Existing route; redesign planned"
"MED07","Medication","Medication Administration Record","/screens/med07/medication-administration-record","REDESIGN","Role workspace or operational queue","Medication","Permission-derived workspace users","Existing route; redesign planned"
"MED08","Medication","Medication Round","/screens/med08/medication-round","REDESIGN","Role workspace or client journey surface","Medication","Permission-derived workspace users","Existing route; redesign planned"
"MED09","Medication","Record Administration","/screens/med09/record-administration","REDESIGN","Role workspace or operational queue","Medication","Permission-derived workspace users","Existing route; redesign planned"
"MED10","Medication","Missed / Refused Medication","/screens/med10/missed-refused-medication","REDESIGN","Role workspace or client journey surface","Medication","Permission-derived workspace users","Existing route; redesign planned"
"MED11","Medication","PRN Medication","/screens/med11/prn-medication","REDESIGN","Role workspace or client journey surface","Medication","Permission-derived workspace users","Existing route; redesign planned"
"MED12","Medication","Medication Changes","/screens/med12/medication-changes","REDESIGN","Role workspace or client journey surface","Medication","Permission-derived workspace users","Existing route; redesign planned"
"MED13","Medication","Side Effects","/screens/med13/side-effects","REDESIGN","Role workspace or client journey surface","Medication","Permission-derived workspace users","Existing route; redesign planned"
"MED14","Medication","Adverse Event","/screens/med14/adverse-event","REDESIGN","Role workspace or client journey surface","Medication","Permission-derived workspace users","Existing route; redesign planned"
"MED15","Medication","Medication Adherence","/screens/med15/medication-adherence","REDESIGN","Role workspace or client journey surface","Medication","Permission-derived workspace users","Existing route; redesign planned"
"MED16","Medication","Refill / Renewal","/screens/med16/refill-renewal","REDESIGN","Role workspace or client journey surface","Medication","Permission-derived workspace users","Existing route; redesign planned"
"MED17","Medication","Drug Interaction / Safety Information","/screens/med17/drug-interaction-safety-information","REDESIGN","Role workspace or client journey surface","Medication","Permission-derived workspace users","Existing route; redesign planned"
"RC01","Residential Care","Residential Dashboard","/screens/rc01/residential-dashboard","REDESIGN","Role workspace or operational queue","Residential Care","Permission-derived workspace users","Existing route; redesign planned"
"RC02","Residential Care","Resident Board","/screens/rc02/resident-board","REDESIGN","Role workspace or client journey surface","Residential Care","Permission-derived workspace users","Existing route; redesign planned"
"RC03","Residential Care","Shift Dashboard","/screens/rc03/shift-dashboard","REDESIGN","Role workspace or operational queue","Residential Care","Permission-derived workspace users","Existing route; redesign planned"
"RC04","Residential Care","Daily Observations","/screens/rc04/daily-observations","REDESIGN","Role workspace or client journey surface","Residential Care","Permission-derived workspace users","Existing route; redesign planned"
"RC05","Residential Care","Mood / Behaviour","/screens/rc05/mood-behaviour","REDESIGN","Role workspace or client journey surface","Residential Care","Permission-derived workspace users","Existing route; redesign planned"
"RC06","Residential Care","Sleep","/screens/rc06/sleep","REDESIGN","Role workspace or client journey surface","Residential Care","Permission-derived workspace users","Existing route; redesign planned"
"RC07","Residential Care","ADL","/screens/rc07/adl","REDESIGN","Role workspace or client journey surface","Residential Care","Permission-derived workspace users","Existing route; redesign planned"
"RC08","Residential Care","Meals / Intake","/screens/rc08/meals-intake","REDESIGN","Role workspace or client journey surface","Residential Care","Permission-derived workspace users","Existing route; redesign planned"
"RC09","Residential Care","Residential Note","/screens/rc09/residential-note","REDESIGN","Role workspace or client journey surface","Residential Care","Permission-derived workspace users","Existing route; redesign planned"
"RC10","Residential Care","Observation Rounds","/screens/rc10/observation-rounds","REDESIGN","Role workspace or client journey surface","Residential Care","Permission-derived workspace users","Existing route; redesign planned"
"RC11","Residential Care","Incident Report","/screens/rc11/incident-report","REDESIGN","Role workspace or operational queue","Residential Care","Permission-derived workspace users","Existing route; redesign planned"
"RC12","Residential Care","Safeguarding Event","/screens/rc12/safeguarding-event","REDESIGN","Role workspace or client journey surface","Residential Care","Permission-derived workspace users","Existing route; redesign planned"
"RC13","Residential Care","Critical Event","/screens/rc13/critical-event","REDESIGN","Role workspace or client journey surface","Residential Care","Permission-derived workspace users","Existing route; redesign planned"
"RC14","Residential Care","Escalation Workspace","/screens/rc14/escalation-workspace","REDESIGN","Role workspace or operational queue","Residential Care","Permission-derived workspace users","Existing route; redesign planned"
"RC15","Residential Care","Shift Handover","/screens/rc15/shift-handover","REDESIGN","Role workspace or client journey surface","Residential Care","Permission-derived workspace users","Existing route; redesign planned"
"RC16","Residential Care","Residential History","/screens/rc16/residential-history","EMBED","Contextual detail, tab, drawer or review panel","Residential Care","Permission-derived workspace users","Existing route; redesign planned"
"FB01","Facility, Bed & Leave","Facility Operations Dashboard","/screens/fb01/facility-operations-dashboard","REDESIGN","Role workspace or operational queue","Facility, Bed & Leave","Permission-derived workspace users","Existing route; redesign planned"
"FB02","Facility, Bed & Leave","Live Bed Board","/screens/fb02/live-bed-board","REDESIGN","Role workspace or client journey surface","Facility, Bed & Leave","Permission-derived workspace users","Existing route; redesign planned"
"FB03","Facility, Bed & Leave","Floor / Unit View","/screens/fb03/floor-unit-view","REDESIGN","Role workspace or client journey surface","Facility, Bed & Leave","Permission-derived workspace users","Existing route; redesign planned"
"FB04","Facility, Bed & Leave","Room Detail","/screens/fb04/room-detail","EMBED","Contextual detail, tab, drawer or review panel","Facility, Bed & Leave","Permission-derived workspace users","Existing route; redesign planned"
"FB05","Facility, Bed & Leave","Bed Detail","/screens/fb05/bed-detail","EMBED","Contextual detail, tab, drawer or review panel","Facility, Bed & Leave","Permission-derived workspace users","Existing route; redesign planned"
"FB06","Facility, Bed & Leave","Allocate Bed","/screens/fb06/allocate-bed","REDESIGN","Role workspace or client journey surface","Facility, Bed & Leave","Permission-derived workspace users","Existing route; redesign planned"
"FB07","Facility, Bed & Leave","Transfer Client","/screens/fb07/transfer-client","REDESIGN","Role workspace or client journey surface","Facility, Bed & Leave","Permission-derived workspace users","Existing route; redesign planned"
"FB08","Facility, Bed & Leave","Bed Status","/screens/fb08/bed-status","REDESIGN","Role workspace or client journey surface","Facility, Bed & Leave","Permission-derived workspace users","Existing route; redesign planned"
"FB09","Facility, Bed & Leave","Cleaning Queue","/screens/fb09/cleaning-queue","REDESIGN","Role workspace or operational queue","Facility, Bed & Leave","Permission-derived workspace users","Existing route; redesign planned"
"FB10","Facility, Bed & Leave","Cleaning / Turnaround Record","/screens/fb10/cleaning-turnaround-record","REDESIGN","Role workspace or client journey surface","Facility, Bed & Leave","Permission-derived workspace users","Existing route; redesign planned"
"FB11","Facility, Bed & Leave","Maintenance Queue","/screens/fb11/maintenance-queue","REDESIGN","Role workspace or operational queue","Facility, Bed & Leave","Permission-derived workspace users","Existing route; redesign planned"
"FB12","Facility, Bed & Leave","Room / Bed Maintenance","/screens/fb12/room-bed-maintenance","REDESIGN","Role workspace or client journey surface","Facility, Bed & Leave","Permission-derived workspace users","Existing route; redesign planned"
"FB13","Facility, Bed & Leave","Client Leave / Pass List","/screens/fb13/client-leave-pass-list","REDESIGN","Role workspace or operational queue","Facility, Bed & Leave","Permission-derived workspace users","Existing route; redesign planned"
"FB14","Facility, Bed & Leave","Request / Approve Leave","/screens/fb14/request-approve-leave","REDESIGN","Role workspace or client journey surface","Facility, Bed & Leave","Permission-derived workspace users","Existing route; redesign planned"
"FB15","Facility, Bed & Leave","Leave Departure / Return","/screens/fb15/leave-departure-return","REDESIGN","Role workspace or client journey surface","Facility, Bed & Leave","Permission-derived workspace users","Existing route; redesign planned"
"FB16","Facility, Bed & Leave","Overdue / Missing Resident Escalation","/screens/fb16/overdue-missing-resident-escalation","REDESIGN","Role workspace or client journey surface","Facility, Bed & Leave","Permission-derived workspace users","Existing route; redesign planned"
"DX01","Diagnostics & LIS","Diagnostics Dashboard","/screens/dx01/diagnostics-dashboard","REDESIGN","Role workspace or operational queue","Diagnostics & LIS","Permission-derived workspace users","Existing route; redesign planned"
"DX02","Diagnostics & LIS","Diagnostic Orders","/screens/dx02/diagnostic-orders","REDESIGN","Role workspace or client journey surface","Diagnostics & LIS","Permission-derived workspace users","Existing route; redesign planned"
"DX03","Diagnostics & LIS","New Lab / Diagnostic Order","/screens/dx03/new-lab-diagnostic-order","REDESIGN","Role workspace or client journey surface","Diagnostics & LIS","Permission-derived workspace users","Existing route; redesign planned"
"DX04","Diagnostics & LIS","Order Detail","/screens/dx04/order-detail","EMBED","Contextual detail, tab, drawer or review panel","Diagnostics & LIS","Permission-derived workspace users","Existing route; redesign planned"
"DX05","Diagnostics & LIS","Specimen Collection Queue","/screens/dx05/specimen-collection-queue","REDESIGN","Role workspace or operational queue","Diagnostics & LIS","Permission-derived workspace users","Existing route; redesign planned"
"DX06","Diagnostics & LIS","Specimen Detail","/screens/dx06/specimen-detail","EMBED","Contextual detail, tab, drawer or review panel","Diagnostics & LIS","Permission-derived workspace users","Existing route; redesign planned"
"DX07","Diagnostics & LIS","Results Inbox","/screens/dx07/results-inbox","REDESIGN","Role workspace or client journey surface","Diagnostics & LIS","Permission-derived workspace users","Existing route; redesign planned"
"DX08","Diagnostics & LIS","Result Detail","/screens/dx08/result-detail","EMBED","Contextual detail, tab, drawer or review panel","Diagnostics & LIS","Permission-derived workspace users","Existing route; redesign planned"
"DX09","Diagnostics & LIS","Diagnostic Report","/screens/dx09/diagnostic-report","REDESIGN","Role workspace or operational queue","Diagnostics & LIS","Permission-derived workspace users","Existing route; redesign planned"
"DX10","Diagnostics & LIS","Abnormal Results","/screens/dx10/abnormal-results","REDESIGN","Role workspace or client journey surface","Diagnostics & LIS","Permission-derived workspace users","Existing route; redesign planned"
"DX11","Diagnostics & LIS","Critical Results / Acknowledgement","/screens/dx11/critical-results-acknowledgement","REDESIGN","Role workspace or client journey surface","Diagnostics & LIS","Permission-derived workspace users","Existing route; redesign planned"
"DX12","Diagnostics & LIS","Result History / Trends","/screens/dx12/result-history-trends","EMBED","Contextual detail, tab, drawer or review panel","Diagnostics & LIS","Permission-derived workspace users","Existing route; redesign planned"
"DX13","Diagnostics & LIS","LIS Integration Monitor","/screens/dx13/lis-integration-monitor","REDESIGN","Role workspace or client journey surface","Diagnostics & LIS","Permission-derived workspace users","Existing route; redesign planned"
"NW01","Nutrition & Wellness","Nutrition Dashboard","/screens/nw01/nutrition-dashboard","REDESIGN","Role workspace or operational queue","Nutrition & Wellness","Permission-derived workspace users","Existing route; redesign planned"
"NW02","Nutrition & Wellness","Nutrition Assessment","/screens/nw02/nutrition-assessment","REDESIGN","Role workspace or client journey surface","Nutrition & Wellness","Permission-derived workspace users","Existing route; redesign planned"
"NW03","Nutrition & Wellness","Dietary Requirements","/screens/nw03/dietary-requirements","REDESIGN","Role workspace or client journey surface","Nutrition & Wellness","Permission-derived workspace users","Existing route; redesign planned"
"NW04","Nutrition & Wellness","Meal Plan","/screens/nw04/meal-plan","REDESIGN","Role workspace or client journey surface","Nutrition & Wellness","Permission-derived workspace users","Existing route; redesign planned"
"NW05","Nutrition & Wellness","Meal / Intake Tracking","/screens/nw05/meal-intake-tracking","REDESIGN","Role workspace or client journey surface","Nutrition & Wellness","Permission-derived workspace users","Existing route; redesign planned"
"NW06","Nutrition & Wellness","Supplements","/screens/nw06/supplements","REDESIGN","Role workspace or client journey surface","Nutrition & Wellness","Permission-derived workspace users","Existing route; redesign planned"
"NW07","Nutrition & Wellness","Weight / Measurement Trends","/screens/nw07/weight-measurement-trends","EMBED","Contextual detail, tab, drawer or review panel","Nutrition & Wellness","Permission-derived workspace users","Existing route; redesign planned"
"NW08","Nutrition & Wellness","Wellness Programme","/screens/nw08/wellness-programme","REDESIGN","Role workspace or client journey surface","Nutrition & Wellness","Permission-derived workspace users","Existing route; redesign planned"
"NW09","Nutrition & Wellness","Yoga Session","/screens/nw09/yoga-session","REDESIGN","Role workspace or client journey surface","Nutrition & Wellness","Permission-derived workspace users","Existing route; redesign planned"
"NW10","Nutrition & Wellness","Mindfulness Session","/screens/nw10/mindfulness-session","REDESIGN","Role workspace or client journey surface","Nutrition & Wellness","Permission-derived workspace users","Existing route; redesign planned"
"NW11","Nutrition & Wellness","Art / Sound / Other Wellness Session","/screens/nw11/art-sound-other-wellness-session","REDESIGN","Role workspace or client journey surface","Nutrition & Wellness","Permission-derived workspace users","Existing route; redesign planned"
"NW12","Nutrition & Wellness","Wellness Progress","/screens/nw12/wellness-progress","REDESIGN","Role workspace or client journey surface","Nutrition & Wellness","Permission-derived workspace users","Existing route; redesign planned"
"FM01","Family Programme","Family Dashboard","/screens/fm01/family-dashboard","REDESIGN","Role workspace or operational queue","Family Programme","Permission-derived workspace users","Existing route; redesign planned"
"FM02","Family Programme","Family / Related Persons","/screens/fm02/family-related-persons","REDESIGN","Role workspace or client journey surface","Family Programme","Permission-derived workspace users","Existing route; redesign planned"
"FM03","Family Programme","Family Access & Consent","/screens/fm03/family-access-consent","REDESIGN","Role workspace or client journey surface","Family Programme","Permission-derived workspace users","Existing route; redesign planned"
"FM04","Family Programme","Family Programme","/screens/fm04/family-programme","REDESIGN","Role workspace or client journey surface","Family Programme","Permission-derived workspace users","Existing route; redesign planned"
"FM05","Family Programme","Family Therapy","/screens/fm05/family-therapy","REDESIGN","Role workspace or client journey surface","Family Programme","Permission-derived workspace users","Existing route; redesign planned"
"FM06","Family Programme","Family Meeting","/screens/fm06/family-meeting","REDESIGN","Role workspace or client journey surface","Family Programme","Permission-derived workspace users","Existing route; redesign planned"
"FM07","Family Programme","Education Session","/screens/fm07/education-session","REDESIGN","Role workspace or client journey surface","Family Programme","Permission-derived workspace users","Existing route; redesign planned"
"FM08","Family Programme","Family Tasks","/screens/fm08/family-tasks","REDESIGN","Role workspace or client journey surface","Family Programme","Permission-derived workspace users","Existing route; redesign planned"
"FM09","Family Programme","Family Communications","/screens/fm09/family-communications","REDESIGN","Role workspace or client journey surface","Family Programme","Permission-derived workspace users","Existing route; redesign planned"
"FM10","Family Programme","Family Progress","/screens/fm10/family-progress","REDESIGN","Role workspace or client journey surface","Family Programme","Permission-derived workspace users","Existing route; redesign planned"
"FM11","Family Programme","Family Portal Access","/screens/fm11/family-portal-access","REDESIGN","Role workspace or client journey surface","Family Programme","Permission-derived workspace users","Existing route; redesign planned"
"SC01","Scheduling & Telehealth","Organisation Calendar","/screens/sc01/organisation-calendar","REDESIGN","Role workspace or operational queue","Scheduling & Telehealth","Permission-derived workspace users","Existing route; redesign planned"
"SC02","Scheduling & Telehealth","My Calendar","/screens/sc02/my-calendar","REDESIGN","Role workspace or operational queue","Scheduling & Telehealth","Permission-derived workspace users","Existing route; redesign planned"
"SC03","Scheduling & Telehealth","Client Calendar","/screens/sc03/client-calendar","REDESIGN","Role workspace or operational queue","Scheduling & Telehealth","Permission-derived workspace users","Existing route; redesign planned"
"SC04","Scheduling & Telehealth","Appointment","/screens/sc04/appointment","REDESIGN","Role workspace or client journey surface","Scheduling & Telehealth","Permission-derived workspace users","Existing route; redesign planned"
"SC05","Scheduling & Telehealth","Recurring Appointment","/screens/sc05/recurring-appointment","REDESIGN","Role workspace or client journey surface","Scheduling & Telehealth","Permission-derived workspace users","Existing route; redesign planned"
"SC06","Scheduling & Telehealth","Resource / Room Calendar","/screens/sc06/resource-room-calendar","REDESIGN","Role workspace or operational queue","Scheduling & Telehealth","Permission-derived workspace users","Existing route; redesign planned"
"SC07","Scheduling & Telehealth","Telehealth Session","/screens/sc07/telehealth-session","REDESIGN","Role workspace or client journey surface","Scheduling & Telehealth","Permission-derived workspace users","Existing route; redesign planned"
"SC08","Scheduling & Telehealth","Virtual Waiting Room","/screens/sc08/virtual-waiting-room","REDESIGN","Role workspace or client journey surface","Scheduling & Telehealth","Permission-derived workspace users","Existing route; redesign planned"
"SC09","Scheduling & Telehealth","Join Consultation","/screens/sc09/join-consultation","REDESIGN","Role workspace or client journey surface","Scheduling & Telehealth","Permission-derived workspace users","Existing route; redesign planned"
"SC10","Scheduling & Telehealth","Telehealth Consent","/screens/sc10/telehealth-consent","REDESIGN","Role workspace or client journey surface","Scheduling & Telehealth","Permission-derived workspace users","Existing route; redesign planned"
"SC11","Scheduling & Telehealth","Telehealth History","/screens/sc11/telehealth-history","EMBED","Contextual detail, tab, drawer or review panel","Scheduling & Telehealth","Permission-derived workspace users","Existing route; redesign planned"
"DC01","Discharge","Discharge Dashboard","/screens/dc01/discharge-dashboard","REDESIGN","Role workspace or operational queue","Discharge","Permission-derived workspace users","Existing route; redesign planned"
"DC02","Discharge","Discharge Candidates","/screens/dc02/discharge-candidates","REDESIGN","Role workspace or client journey surface","Discharge","Permission-derived workspace users","Existing route; redesign planned"
"DC03","Discharge","Discharge Planning","/screens/dc03/discharge-planning","REDESIGN","Role workspace or client journey surface","Discharge","Permission-derived workspace users","Existing route; redesign planned"
"DC04","Discharge","Discharge Readiness Checklist","/screens/dc04/discharge-readiness-checklist","REDESIGN","Role workspace or operational queue","Discharge","Permission-derived workspace users","Existing route; redesign planned"
"DC05","Discharge","Clinical Discharge Summary","/screens/dc05/clinical-discharge-summary","REDESIGN","Role workspace or client journey surface","Discharge","Permission-derived workspace users","Existing route; redesign planned"
"DC06","Discharge","Medication at Discharge","/screens/dc06/medication-at-discharge","REDESIGN","Role workspace or client journey surface","Discharge","Permission-derived workspace users","Existing route; redesign planned"
"DC07","Discharge","Referrals","/screens/dc07/referrals","REDESIGN","Role workspace or client journey surface","Discharge","Permission-derived workspace users","Existing route; redesign planned"
"DC08","Discharge","Follow-up Appointments","/screens/dc08/follow-up-appointments","REDESIGN","Role workspace or client journey surface","Discharge","Permission-derived workspace users","Existing route; redesign planned"
"DC09","Discharge","Safety / Relapse Prevention Plan","/screens/dc09/safety-relapse-prevention-plan","REDESIGN","Role workspace or client journey surface","Discharge","Permission-derived workspace users","Existing route; redesign planned"
"DC10","Discharge","Documents / Instructions","/screens/dc10/documents-instructions","REDESIGN","Role workspace or client journey surface","Discharge","Permission-derived workspace users","Existing route; redesign planned"
"DC11","Discharge","Multidisciplinary Approval","/screens/dc11/multidisciplinary-approval","REDESIGN","Role workspace or client journey surface","Discharge","Permission-derived workspace users","Existing route; redesign planned"
"DC12","Discharge","Complete Discharge","/screens/dc12/complete-discharge","REDESIGN","Role workspace or client journey surface","Discharge","Permission-derived workspace users","Existing route; redesign planned"
"AC01","Aftercare & Alumni","Aftercare Dashboard","/screens/ac01/aftercare-dashboard","REDESIGN","Role workspace or operational queue","Aftercare & Alumni","Permission-derived workspace users","Existing route; redesign planned"
"AC02","Aftercare & Alumni","Aftercare Plan","/screens/ac02/aftercare-plan","REDESIGN","Role workspace or client journey surface","Aftercare & Alumni","Permission-derived workspace users","Existing route; redesign planned"
"AC03","Aftercare & Alumni","Follow-up Schedule","/screens/ac03/follow-up-schedule","REDESIGN","Role workspace or operational queue","Aftercare & Alumni","Permission-derived workspace users","Existing route; redesign planned"
"AC04","Aftercare & Alumni","Follow-up Workspace","/screens/ac04/follow-up-workspace","REDESIGN","Role workspace or operational queue","Aftercare & Alumni","Permission-derived workspace users","Existing route; redesign planned"
"AC05","Aftercare & Alumni","30-Day Review","/screens/ac05/30-day-review","EMBED","Contextual detail, tab, drawer or review panel","Aftercare & Alumni","Permission-derived workspace users","Existing route; redesign planned"
"AC06","Aftercare & Alumni","90-Day Review","/screens/ac06/90-day-review","EMBED","Contextual detail, tab, drawer or review panel","Aftercare & Alumni","Permission-derived workspace users","Existing route; redesign planned"
"AC07","Aftercare & Alumni","6-Month Review","/screens/ac07/6-month-review","EMBED","Contextual detail, tab, drawer or review panel","Aftercare & Alumni","Permission-derived workspace users","Existing route; redesign planned"
"AC08","Aftercare & Alumni","12-Month Review","/screens/ac08/12-month-review","EMBED","Contextual detail, tab, drawer or review panel","Aftercare & Alumni","Permission-derived workspace users","Existing route; redesign planned"
"AC09","Aftercare & Alumni","Outcome Survey","/screens/ac09/outcome-survey","REDESIGN","Role workspace or client journey surface","Aftercare & Alumni","Permission-derived workspace users","Existing route; redesign planned"
"AC10","Aftercare & Alumni","Re-engagement","/screens/ac10/re-engagement","REDESIGN","Role workspace or client journey surface","Aftercare & Alumni","Permission-derived workspace users","Existing route; redesign planned"
"AC11","Aftercare & Alumni","Readmission","/screens/ac11/readmission","REDESIGN","Role workspace or client journey surface","Aftercare & Alumni","Permission-derived workspace users","Existing route; redesign planned"
"AC12","Aftercare & Alumni","Alumni Programme","/screens/ac12/alumni-programme","REDESIGN","Role workspace or client journey surface","Aftercare & Alumni","Permission-derived workspace users","Existing route; redesign planned"
"BL01","Billing, Accounts & Payer","Finance Dashboard","/screens/bl01/finance-dashboard","REDESIGN","Role workspace or operational queue","Billing, Accounts & Payer","Permission-derived workspace users","Existing route; redesign planned"
"BL02","Billing, Accounts & Payer","Client Account","/screens/bl02/client-account","REDESIGN","Role workspace or client journey surface","Billing, Accounts & Payer","Permission-derived workspace users","Existing route; redesign planned"
"BL03","Billing, Accounts & Payer","Charge Ledger","/screens/bl03/charge-ledger","REDESIGN","Role workspace or client journey surface","Billing, Accounts & Payer","Permission-derived workspace users","Existing route; redesign planned"
"BL04","Billing, Accounts & Payer","Unbilled Services","/screens/bl04/unbilled-services","REDESIGN","Role workspace or client journey surface","Billing, Accounts & Payer","Permission-derived workspace users","Existing route; redesign planned"
"BL05","Billing, Accounts & Payer","Create Invoice","/screens/bl05/create-invoice","EMBED","Contextual detail, tab, drawer or review panel","Billing, Accounts & Payer","Permission-derived workspace users","Existing route; redesign planned"
"BL06","Billing, Accounts & Payer","Invoice","/screens/bl06/invoice","EMBED","Contextual detail, tab, drawer or review panel","Billing, Accounts & Payer","Permission-derived workspace users","Existing route; redesign planned"
"BL07","Billing, Accounts & Payer","Invoice PDF / Print Preview","/screens/bl07/invoice-pdf-print-preview","EMBED","Contextual detail, tab, drawer or review panel","Billing, Accounts & Payer","Permission-derived workspace users","Existing route; redesign planned"
"BL08","Billing, Accounts & Payer","Payments","/screens/bl08/payments","REDESIGN","Role workspace or client journey surface","Billing, Accounts & Payer","Permission-derived workspace users","Existing route; redesign planned"
"BL09","Billing, Accounts & Payer","Record Payment","/screens/bl09/record-payment","REDESIGN","Role workspace or client journey surface","Billing, Accounts & Payer","Permission-derived workspace users","Existing route; redesign planned"
"BL10","Billing, Accounts & Payer","Refund","/screens/bl10/refund","REDESIGN","Role workspace or client journey surface","Billing, Accounts & Payer","Permission-derived workspace users","Existing route; redesign planned"
"BL11","Billing, Accounts & Payer","Credit / Adjustment","/screens/bl11/credit-adjustment","REDESIGN","Role workspace or client journey surface","Billing, Accounts & Payer","Permission-derived workspace users","Existing route; redesign planned"
"BL12","Billing, Accounts & Payer","Outstanding Balances","/screens/bl12/outstanding-balances","REDESIGN","Role workspace or client journey surface","Billing, Accounts & Payer","Permission-derived workspace users","Existing route; redesign planned"
"BL13","Billing, Accounts & Payer","Packages","/screens/bl13/packages","REDESIGN","Role workspace or client journey surface","Billing, Accounts & Payer","Permission-derived workspace users","Existing route; redesign planned"
"BL14","Billing, Accounts & Payer","Price / Tariff Master","/screens/bl14/price-tariff-master","REDESIGN","Role workspace or client journey surface","Billing, Accounts & Payer","Permission-derived workspace users","Existing route; redesign planned"
"BL15","Billing, Accounts & Payer","Payers","/screens/bl15/payers","REDESIGN","Role workspace or client journey surface","Billing, Accounts & Payer","Permission-derived workspace users","Existing route; redesign planned"
"BL16","Billing, Accounts & Payer","Insurance / Payer Eligibility","/screens/bl16/insurance-payer-eligibility","REDESIGN","Role workspace or client journey surface","Billing, Accounts & Payer","Permission-derived workspace users","Existing route; redesign planned"
"BL17","Billing, Accounts & Payer","Pre-Authorisation","/screens/bl17/pre-authorisation","REDESIGN","Role workspace or client journey surface","Billing, Accounts & Payer","Permission-derived workspace users","Existing route; redesign planned"
"BL18","Billing, Accounts & Payer","Claims","/screens/bl18/claims","REDESIGN","Role workspace or client journey surface","Billing, Accounts & Payer","Permission-derived workspace users","Existing route; redesign planned"
"BL19","Billing, Accounts & Payer","Denials / Claim Follow-up","/screens/bl19/denials-claim-follow-up","REDESIGN","Role workspace or client journey surface","Billing, Accounts & Payer","Permission-derived workspace users","Existing route; redesign planned"
"IN01","Inventory","Inventory Dashboard","/screens/in01/inventory-dashboard","REDESIGN","Role workspace or operational queue","Inventory","Permission-derived workspace users","Existing route; redesign planned"
"IN02","Inventory","Item Master","/screens/in02/item-master","REDESIGN","Role workspace or client journey surface","Inventory","Permission-derived workspace users","Existing route; redesign planned"
"IN03","Inventory","Item Detail","/screens/in03/item-detail","EMBED","Contextual detail, tab, drawer or review panel","Inventory","Permission-derived workspace users","Existing route; redesign planned"
"IN04","Inventory","Location Stock","/screens/in04/location-stock","REDESIGN","Role workspace or client journey surface","Inventory","Permission-derived workspace users","Existing route; redesign planned"
"IN05","Inventory","Stock Ledger","/screens/in05/stock-ledger","REDESIGN","Role workspace or client journey surface","Inventory","Permission-derived workspace users","Existing route; redesign planned"
"IN06","Inventory","Goods Receipt","/screens/in06/goods-receipt","REDESIGN","Role workspace or client journey surface","Inventory","Permission-derived workspace users","Existing route; redesign planned"
"IN07","Inventory","Stock Issue","/screens/in07/stock-issue","REDESIGN","Role workspace or client journey surface","Inventory","Permission-derived workspace users","Existing route; redesign planned"
"IN08","Inventory","Stock Transfer","/screens/in08/stock-transfer","REDESIGN","Role workspace or client journey surface","Inventory","Permission-derived workspace users","Existing route; redesign planned"
"IN09","Inventory","Transfer Requests","/screens/in09/transfer-requests","REDESIGN","Role workspace or client journey surface","Inventory","Permission-derived workspace users","Existing route; redesign planned"
"IN10","Inventory","Stock Adjustment","/screens/in10/stock-adjustment","REDESIGN","Role workspace or client journey surface","Inventory","Permission-derived workspace users","Existing route; redesign planned"
"IN11","Inventory","Stock Count","/screens/in11/stock-count","REDESIGN","Role workspace or client journey surface","Inventory","Permission-derived workspace users","Existing route; redesign planned"
"IN12","Inventory","Batch / Lot / Expiry","/screens/in12/batch-lot-expiry","REDESIGN","Role workspace or client journey surface","Inventory","Permission-derived workspace users","Existing route; redesign planned"
"IN13","Inventory","Expiring Stock","/screens/in13/expiring-stock","REDESIGN","Role workspace or client journey surface","Inventory","Permission-derived workspace users","Existing route; redesign planned"
"IN14","Inventory","Reorder Suggestions","/screens/in14/reorder-suggestions","REDESIGN","Role workspace or client journey surface","Inventory","Permission-derived workspace users","Existing route; redesign planned"
"IN15","Inventory","Purchase Requisition","/screens/in15/purchase-requisition","REDESIGN","Role workspace or client journey surface","Inventory","Permission-derived workspace users","Existing route; redesign planned"
"IN16","Inventory","Vendors","/screens/in16/vendors","REDESIGN","Role workspace or client journey surface","Inventory","Permission-derived workspace users","Existing route; redesign planned"
"IN17","Inventory","Consumption Analytics","/screens/in17/consumption-analytics","REDESIGN","Role workspace or operational queue","Inventory","Permission-derived workspace users","Existing route; redesign planned"
"IN18","Inventory","AI Inventory Intelligence","/screens/in18/ai-inventory-intelligence","REDESIGN","Role workspace or client journey surface","Inventory","Permission-derived workspace users","Existing route; redesign planned"
"CM01","Communications","Communication Centre","/screens/cm01/communication-centre","REDESIGN","Role workspace or client journey surface","Communications","Permission-derived workspace users","Existing route; redesign planned"
"CM02","Communications","Secure Messages","/screens/cm02/secure-messages","REDESIGN","Role workspace or client journey surface","Communications","Permission-derived workspace users","Existing route; redesign planned"
"CM03","Communications","Conversation","/screens/cm03/conversation","REDESIGN","Role workspace or client journey surface","Communications","Permission-derived workspace users","Existing route; redesign planned"
"CM04","Communications","Compose Message","/screens/cm04/compose-message","REDESIGN","Role workspace or client journey surface","Communications","Permission-derived workspace users","Existing route; redesign planned"
"CM05","Communications","Notifications","/screens/cm05/notifications","REDESIGN","Role workspace or client journey surface","Communications","Permission-derived workspace users","Existing route; redesign planned"
"CM06","Communications","Reminder Rules","/screens/cm06/reminder-rules","REDESIGN","Role workspace or client journey surface","Communications","Permission-derived workspace users","Existing route; redesign planned"
"CM07","Communications","Communication Templates","/screens/cm07/communication-templates","REDESIGN","Role workspace or client journey surface","Communications","Permission-derived workspace users","Existing route; redesign planned"
"CM08","Communications","Delivery History","/screens/cm08/delivery-history","EMBED","Contextual detail, tab, drawer or review panel","Communications","Permission-derived workspace users","Existing route; redesign planned"
"CM09","Communications","Failed / Retry Queue","/screens/cm09/failed-retry-queue","REDESIGN","Role workspace or operational queue","Communications","Permission-derived workspace users","Existing route; redesign planned"
"CM10","Communications","Communication Preferences","/screens/cm10/communication-preferences","REDESIGN","Role workspace or client journey surface","Communications","Permission-derived workspace users","Existing route; redesign planned"
"CM11","Communications","Consent / Channel Restrictions","/screens/cm11/consent-channel-restrictions","REDESIGN","Role workspace or client journey surface","Communications","Permission-derived workspace users","Existing route; redesign planned"
"DOC01","Documents & Consent","Document Centre","/screens/doc01/document-centre","REDESIGN","Role workspace or client journey surface","Documents & Consent","Permission-derived workspace users","Existing route; redesign planned"
"DOC02","Documents & Consent","Upload Document","/screens/doc02/upload-document","REDESIGN","Role workspace or client journey surface","Documents & Consent","Permission-derived workspace users","Existing route; redesign planned"
"DOC03","Documents & Consent","Document Viewer","/screens/doc03/document-viewer","REDESIGN","Role workspace or client journey surface","Documents & Consent","Permission-derived workspace users","Existing route; redesign planned"
"DOC04","Documents & Consent","Document Version History","/screens/doc04/document-version-history","EMBED","Contextual detail, tab, drawer or review panel","Documents & Consent","Permission-derived workspace users","Existing route; redesign planned"
"DOC05","Documents & Consent","Clinical Document Finalisation","/screens/doc05/clinical-document-finalisation","REDESIGN","Role workspace or client journey surface","Documents & Consent","Permission-derived workspace users","Existing route; redesign planned"
"DOC06","Documents & Consent","Correction / Addendum","/screens/doc06/correction-addendum","REDESIGN","Role workspace or client journey surface","Documents & Consent","Permission-derived workspace users","Existing route; redesign planned"
"DOC07","Documents & Consent","Consent Dashboard","/screens/doc07/consent-dashboard","REDESIGN","Role workspace or operational queue","Documents & Consent","Permission-derived workspace users","Existing route; redesign planned"
"DOC08","Documents & Consent","Consent Detail","/screens/doc08/consent-detail","EMBED","Contextual detail, tab, drawer or review panel","Documents & Consent","Permission-derived workspace users","Existing route; redesign planned"
"DOC09","Documents & Consent","Capture Consent","/screens/doc09/capture-consent","REDESIGN","Role workspace or client journey surface","Documents & Consent","Permission-derived workspace users","Existing route; redesign planned"
"DOC10","Documents & Consent","Revoke Consent","/screens/doc10/revoke-consent","REDESIGN","Role workspace or client journey surface","Documents & Consent","Permission-derived workspace users","Existing route; redesign planned"
"DOC11","Documents & Consent","Electronic Signature","/screens/doc11/electronic-signature","REDESIGN","Role workspace or client journey surface","Documents & Consent","Permission-derived workspace users","Existing route; redesign planned"
"DOC12","Documents & Consent","Legal Hold","/screens/doc12/legal-hold","REDESIGN","Role workspace or client journey surface","Documents & Consent","Permission-derived workspace users","Existing route; redesign planned"
"DOC13","Documents & Consent","Document Export","/screens/doc13/document-export","REDESIGN","Role workspace or client journey surface","Documents & Consent","Permission-derived workspace users","Existing route; redesign planned"
"CP01","Client Portal","Portal Sign In","/screens/cp01/portal-sign-in","REDESIGN","Permission-scoped portal workspace","Client Portal","Permission-derived workspace users","Existing route; redesign planned"
"CP02","Client Portal","Portal MFA / Identity Verification","/screens/cp02/portal-mfa-identity-verification","REDESIGN","Permission-scoped portal workspace","Client Portal","Permission-derived workspace users","Existing route; redesign planned"
"CP03","Client Portal","Client Home","/screens/cp03/client-home","REDESIGN","Permission-scoped portal workspace","Client Portal","Permission-derived workspace users","Existing route; redesign planned"
"CP04","Client Portal","My Programme / Care Plan","/screens/cp04/my-programme-care-plan","REDESIGN","Permission-scoped portal workspace","Client Portal","Permission-derived workspace users","Existing route; redesign planned"
"CP05","Client Portal","My Goals","/screens/cp05/my-goals","REDESIGN","Permission-scoped portal workspace","Client Portal","Permission-derived workspace users","Existing route; redesign planned"
"CP06","Client Portal","My Schedule","/screens/cp06/my-schedule","REDESIGN","Permission-scoped portal workspace","Client Portal","Permission-derived workspace users","Existing route; redesign planned"
"CP07","Client Portal","Assessments / Questionnaires","/screens/cp07/assessments-questionnaires","REDESIGN","Permission-scoped portal workspace","Client Portal","Permission-derived workspace users","Existing route; redesign planned"
"CP08","Client Portal","My Medications","/screens/cp08/my-medications","REDESIGN","Permission-scoped portal workspace","Client Portal","Permission-derived workspace users","Existing route; redesign planned"
"CP09","Client Portal","Documents","/screens/cp09/documents","REDESIGN","Permission-scoped portal workspace","Client Portal","Permission-derived workspace users","Existing route; redesign planned"
"CP10","Client Portal","Reports / Results","/screens/cp10/reports-results","REDESIGN","Permission-scoped portal workspace","Client Portal","Permission-derived workspace users","Existing route; redesign planned"
"CP11","Client Portal","Invoices / Payments","/screens/cp11/invoices-payments","REDESIGN","Permission-scoped portal workspace","Client Portal","Permission-derived workspace users","Existing route; redesign planned"
"CP12","Client Portal","Secure Messages","/screens/cp12/secure-messages","REDESIGN","Permission-scoped portal workspace","Client Portal","Permission-derived workspace users","Existing route; redesign planned"
"CP13","Client Portal","Aftercare","/screens/cp13/aftercare","REDESIGN","Permission-scoped portal workspace","Client Portal","Permission-derived workspace users","Existing route; redesign planned"
"CP14","Client Portal","Privacy / Consent","/screens/cp14/privacy-consent","REDESIGN","Permission-scoped portal workspace","Client Portal","Permission-derived workspace users","Existing route; redesign planned"
"CP15","Client Portal","Data / Privacy Request","/screens/cp15/data-privacy-request","REDESIGN","Permission-scoped portal workspace","Client Portal","Permission-derived workspace users","Existing route; redesign planned"
"CP16","Client Portal","Profile / Preferences","/screens/cp16/profile-preferences","REDESIGN","Permission-scoped portal workspace","Client Portal","Permission-derived workspace users","Existing route; redesign planned"
"FP01","Family Portal","Family Portal Sign In","/screens/fp01/family-portal-sign-in","REDESIGN","Permission-scoped portal workspace","Family Portal","Permission-derived workspace users","Existing route; redesign planned"
"FP02","Family Portal","Family Home","/screens/fp02/family-home","REDESIGN","Permission-scoped portal workspace","Family Portal","Permission-derived workspace users","Existing route; redesign planned"
"FP03","Family Portal","Authorised Client Information","/screens/fp03/authorised-client-information","REDESIGN","Permission-scoped portal workspace","Family Portal","Permission-derived workspace users","Existing route; redesign planned"
"FP04","Family Portal","Appointments","/screens/fp04/appointments","REDESIGN","Permission-scoped portal workspace","Family Portal","Permission-derived workspace users","Existing route; redesign planned"
"FP05","Family Portal","Family Programme","/screens/fp05/family-programme","REDESIGN","Permission-scoped portal workspace","Family Portal","Permission-derived workspace users","Existing route; redesign planned"
"FP06","Family Portal","Family Tasks","/screens/fp06/family-tasks","REDESIGN","Permission-scoped portal workspace","Family Portal","Permission-derived workspace users","Existing route; redesign planned"
"FP07","Family Portal","Documents","/screens/fp07/documents","REDESIGN","Permission-scoped portal workspace","Family Portal","Permission-derived workspace users","Existing route; redesign planned"
"FP08","Family Portal","Secure Messaging","/screens/fp08/secure-messaging","REDESIGN","Permission-scoped portal workspace","Family Portal","Permission-derived workspace users","Existing route; redesign planned"
"FP09","Family Portal","Consent / Access Status","/screens/fp09/consent-access-status","REDESIGN","Permission-scoped portal workspace","Family Portal","Permission-derived workspace users","Existing route; redesign planned"
"FP10","Family Portal","Profile","/screens/fp10/profile","REDESIGN","Permission-scoped portal workspace","Family Portal","Permission-derived workspace users","Existing route; redesign planned"
"AI01","AI Intelligence","AI Clinical Documentation Assistant","/screens/ai01/ai-clinical-documentation-assistant","EMBED","Contextual assistant, review panel, drawer or action","Cross-cutting AI layer","Permission-derived workspace users","Existing route; redesign planned"
"AI02","AI Intelligence","Voice / Transcript Review","/screens/ai02/voice-transcript-review","EMBED","Contextual assistant, review panel, drawer or action","Cross-cutting AI layer","Permission-derived workspace users","Existing route; redesign planned"
"AI03","AI Intelligence","AI Intake / Document Extraction Review","/screens/ai03/ai-intake-document-extraction-review","EMBED","Contextual assistant, review panel, drawer or action","Cross-cutting AI layer","Permission-derived workspace users","Existing route; redesign planned"
"AI04","AI Intelligence","AI Client Journey Summary","/screens/ai04/ai-client-journey-summary","EMBED","Contextual assistant, review panel, drawer or action","Cross-cutting AI layer","Permission-derived workspace users","Existing route; redesign planned"
"AI05","AI Intelligence","Clinical Record Copilot","/screens/ai05/clinical-record-copilot","EMBED","Contextual assistant, review panel, drawer or action","Cross-cutting AI layer","Permission-derived workspace users","Existing route; redesign planned"
"AI06","AI Intelligence","AI MDT Brief","/screens/ai06/ai-mdt-brief","EMBED","Contextual assistant, review panel, drawer or action","Cross-cutting AI layer","Permission-derived workspace users","Existing route; redesign planned"
"AI07","AI Intelligence","AI Treatment Plan Draft Review","/screens/ai07/ai-treatment-plan-draft-review","EMBED","Contextual assistant, review panel, drawer or action","Cross-cutting AI layer","Permission-derived workspace users","Existing route; redesign planned"
"AI08","AI Intelligence","Assessment Trend Explanation","/screens/ai08/assessment-trend-explanation","EMBED","Contextual assistant, review panel, drawer or action","Cross-cutting AI layer","Permission-derived workspace users","Existing route; redesign planned"
"AI09","AI Intelligence","Clinical Review Signals","/screens/ai09/clinical-review-signals","EMBED","Contextual assistant, review panel, drawer or action","Cross-cutting AI layer","Permission-derived workspace users","Existing route; redesign planned"
"AI10","AI Intelligence","Medication Intelligence","/screens/ai10/medication-intelligence","EMBED","Contextual assistant, review panel, drawer or action","Cross-cutting AI layer","Permission-derived workspace users","Existing route; redesign planned"
"AI11","AI Intelligence","AI Discharge Summary Review","/screens/ai11/ai-discharge-summary-review","EMBED","Contextual assistant, review panel, drawer or action","Cross-cutting AI layer","Permission-derived workspace users","Existing route; redesign planned"
"AI12","AI Intelligence","AI Handover","/screens/ai12/ai-handover","EMBED","Contextual assistant, review panel, drawer or action","Cross-cutting AI layer","Permission-derived workspace users","Existing route; redesign planned"
"AI13","AI Intelligence","AI Task Extraction Review","/screens/ai13/ai-task-extraction-review","EMBED","Contextual assistant, review panel, drawer or action","Cross-cutting AI layer","Permission-derived workspace users","Existing route; redesign planned"
"AI14","AI Intelligence","Documentation Completeness","/screens/ai14/documentation-completeness","EMBED","Contextual assistant, review panel, drawer or action","Cross-cutting AI layer","Permission-derived workspace users","Existing route; redesign planned"
"AI15","AI Intelligence","Operational Analytics Copilot","/screens/ai15/operational-analytics-copilot","EMBED","Contextual assistant, review panel, drawer or action","Cross-cutting AI layer","Permission-derived workspace users","Existing route; redesign planned"
"AI16","AI Intelligence","AI Evidence / Sources Viewer","/screens/ai16/ai-evidence-sources-viewer","EMBED","Contextual assistant, review panel, drawer or action","Cross-cutting AI layer","Permission-derived workspace users","Existing route; redesign planned"
"AI17","AI Intelligence","AI Feedback / Report Incorrect Output","/screens/ai17/ai-feedback-report-incorrect-output","EMBED","Contextual assistant, review panel, drawer or action","Cross-cutting AI layer","Permission-derived workspace users","Existing route; redesign planned"
"AIA01","AI Administration & Governance","AI Administration Dashboard","/screens/aia01/ai-administration-dashboard","REDESIGN","AI Intelligence governance workspace","AI Governance","Permission-derived workspace users","Existing route; redesign planned"
"AIA02","AI Administration & Governance","AI Use-Case Registry","/screens/aia02/ai-use-case-registry","REDESIGN","AI Intelligence governance workspace","AI Governance","Permission-derived workspace users","Existing route; redesign planned"
"AIA03","AI Administration & Governance","AI Use-Case Detail","/screens/aia03/ai-use-case-detail","REDESIGN","AI Intelligence governance workspace","AI Governance","Permission-derived workspace users","Existing route; redesign planned"
"AIA04","AI Administration & Governance","Model / Provider Registry","/screens/aia04/model-provider-registry","REDESIGN","AI Intelligence governance workspace","AI Governance","Permission-derived workspace users","Existing route; redesign planned"
"AIA05","AI Administration & Governance","Prompt Registry","/screens/aia05/prompt-registry","REDESIGN","AI Intelligence governance workspace","AI Governance","Permission-derived workspace users","Existing route; redesign planned"
"AIA06","AI Administration & Governance","Prompt Version Detail","/screens/aia06/prompt-version-detail","REDESIGN","AI Intelligence governance workspace","AI Governance","Permission-derived workspace users","Existing route; redesign planned"
"AIA07","AI Administration & Governance","AI Policy / Guardrails","/screens/aia07/ai-policy-guardrails","REDESIGN","AI Intelligence governance workspace","AI Governance","Permission-derived workspace users","Existing route; redesign planned"
"AIA08","AI Administration & Governance","AI Evaluation Dashboard","/screens/aia08/ai-evaluation-dashboard","REDESIGN","AI Intelligence governance workspace","AI Governance","Permission-derived workspace users","Existing route; redesign planned"
"AIA09","AI Administration & Governance","AI Evaluation Cases","/screens/aia09/ai-evaluation-cases","REDESIGN","AI Intelligence governance workspace","AI Governance","Permission-derived workspace users","Existing route; redesign planned"
"AIA10","AI Administration & Governance","AI Audit / Evidence Explorer","/screens/aia10/ai-audit-evidence-explorer","REDESIGN","AI Intelligence governance workspace","AI Governance","Permission-derived workspace users","Existing route; redesign planned"
"AIA11","AI Administration & Governance","AI Usage / Cost","/screens/aia11/ai-usage-cost","REDESIGN","AI Intelligence governance workspace","AI Governance","Permission-derived workspace users","Existing route; redesign planned"
"AIA12","AI Administration & Governance","AI Incident Register","/screens/aia12/ai-incident-register","REDESIGN","AI Intelligence governance workspace","AI Governance","Permission-derived workspace users","Existing route; redesign planned"
"AIA13","AI Administration & Governance","Model / Prompt Release Approval","/screens/aia13/model-prompt-release-approval","REDESIGN","AI Intelligence governance workspace","AI Governance","Permission-derived workspace users","Existing route; redesign planned"
"RP01","Reporting & Analytics","Executive Dashboard","/screens/rp01/executive-dashboard","REDESIGN","Role workspace or operational queue","Reporting & Analytics","Permission-derived workspace users","Existing route; redesign planned"
"RP02","Reporting & Analytics","Clinical Outcomes","/screens/rp02/clinical-outcomes","REDESIGN","Role workspace or client journey surface","Reporting & Analytics","Permission-derived workspace users","Existing route; redesign planned"
"RP03","Reporting & Analytics","Census / Occupancy","/screens/rp03/census-occupancy","REDESIGN","Role workspace or client journey surface","Reporting & Analytics","Permission-derived workspace users","Existing route; redesign planned"
"RP04","Reporting & Analytics","Length of Stay","/screens/rp04/length-of-stay","REDESIGN","Role workspace or client journey surface","Reporting & Analytics","Permission-derived workspace users","Existing route; redesign planned"
"RP05","Reporting & Analytics","Admission / Discharge","/screens/rp05/admission-discharge","REDESIGN","Role workspace or client journey surface","Reporting & Analytics","Permission-derived workspace users","Existing route; redesign planned"
"RP06","Reporting & Analytics","Assessment Outcomes","/screens/rp06/assessment-outcomes","REDESIGN","Role workspace or client journey surface","Reporting & Analytics","Permission-derived workspace users","Existing route; redesign planned"
"RP07","Reporting & Analytics","Treatment Goal Outcomes","/screens/rp07/treatment-goal-outcomes","REDESIGN","Role workspace or client journey surface","Reporting & Analytics","Permission-derived workspace users","Existing route; redesign planned"
"RP08","Reporting & Analytics","Therapy Utilisation","/screens/rp08/therapy-utilisation","REDESIGN","Role workspace or client journey surface","Reporting & Analytics","Permission-derived workspace users","Existing route; redesign planned"
"RP09","Reporting & Analytics","Therapist Caseload","/screens/rp09/therapist-caseload","REDESIGN","Role workspace or client journey surface","Reporting & Analytics","Permission-derived workspace users","Existing route; redesign planned"
"RP10","Reporting & Analytics","Medication / Adherence","/screens/rp10/medication-adherence","REDESIGN","Role workspace or client journey surface","Reporting & Analytics","Permission-derived workspace users","Existing route; redesign planned"
"RP11","Reporting & Analytics","Incidents / Safeguarding","/screens/rp11/incidents-safeguarding","REDESIGN","Role workspace or client journey surface","Reporting & Analytics","Permission-derived workspace users","Existing route; redesign planned"
"RP12","Reporting & Analytics","Family Programme","/screens/rp12/family-programme","REDESIGN","Role workspace or client journey surface","Reporting & Analytics","Permission-derived workspace users","Existing route; redesign planned"
"RP13","Reporting & Analytics","Aftercare Outcomes","/screens/rp13/aftercare-outcomes","REDESIGN","Role workspace or client journey surface","Reporting & Analytics","Permission-derived workspace users","Existing route; redesign planned"
"RP14","Reporting & Analytics","Readmissions","/screens/rp14/readmissions","REDESIGN","Role workspace or client journey surface","Reporting & Analytics","Permission-derived workspace users","Existing route; redesign planned"
"RP15","Reporting & Analytics","Finance","/screens/rp15/finance","REDESIGN","Role workspace or client journey surface","Reporting & Analytics","Permission-derived workspace users","Existing route; redesign planned"
"RP16","Reporting & Analytics","Payer / Claims","/screens/rp16/payer-claims","REDESIGN","Role workspace or client journey surface","Reporting & Analytics","Permission-derived workspace users","Existing route; redesign planned"
"RP17","Reporting & Analytics","Inventory","/screens/rp17/inventory","REDESIGN","Role workspace or client journey surface","Reporting & Analytics","Permission-derived workspace users","Existing route; redesign planned"
"RP18","Reporting & Analytics","Report Export / Scheduled Reports","/screens/rp18/report-export-scheduled-reports","REDESIGN","Role workspace or operational queue","Reporting & Analytics","Permission-derived workspace users","Existing route; redesign planned"
"PR01","Privacy & GDPR","Privacy Operations Dashboard","/screens/pr01/privacy-operations-dashboard","REDESIGN","Role workspace or operational queue","Privacy & GDPR","Permission-derived workspace users","Existing route; redesign planned"
"PR02","Privacy & GDPR","Data Subject Requests","/screens/pr02/data-subject-requests","REDESIGN","Role workspace or client journey surface","Privacy & GDPR","Permission-derived workspace users","Existing route; redesign planned"
"PR03","Privacy & GDPR","Request Detail","/screens/pr03/request-detail","EMBED","Contextual detail, tab, drawer or review panel","Privacy & GDPR","Permission-derived workspace users","Existing route; redesign planned"
"PR04","Privacy & GDPR","Access Request","/screens/pr04/access-request","REDESIGN","Role workspace or client journey surface","Privacy & GDPR","Permission-derived workspace users","Existing route; redesign planned"
"PR05","Privacy & GDPR","Rectification Request","/screens/pr05/rectification-request","REDESIGN","Role workspace or client journey surface","Privacy & GDPR","Permission-derived workspace users","Existing route; redesign planned"
"PR06","Privacy & GDPR","Erasure Assessment","/screens/pr06/erasure-assessment","REDESIGN","Role workspace or client journey surface","Privacy & GDPR","Permission-derived workspace users","Existing route; redesign planned"
"PR07","Privacy & GDPR","Restriction Request","/screens/pr07/restriction-request","REDESIGN","Role workspace or client journey surface","Privacy & GDPR","Permission-derived workspace users","Existing route; redesign planned"
"PR08","Privacy & GDPR","Portability Export","/screens/pr08/portability-export","REDESIGN","Role workspace or client journey surface","Privacy & GDPR","Permission-derived workspace users","Existing route; redesign planned"
"PR09","Privacy & GDPR","Consent History","/screens/pr09/consent-history","EMBED","Contextual detail, tab, drawer or review panel","Privacy & GDPR","Permission-derived workspace users","Existing route; redesign planned"
"PR10","Privacy & GDPR","Retention Policies","/screens/pr10/retention-policies","REDESIGN","Role workspace or client journey surface","Privacy & GDPR","Permission-derived workspace users","Existing route; redesign planned"
"PR11","Privacy & GDPR","Legal Holds","/screens/pr11/legal-holds","REDESIGN","Role workspace or client journey surface","Privacy & GDPR","Permission-derived workspace users","Existing route; redesign planned"
"PR12","Privacy & GDPR","Data Processing / Subprocessor Register","/screens/pr12/data-processing-subprocessor-register","REDESIGN","Role workspace or client journey surface","Privacy & GDPR","Permission-derived workspace users","Existing route; redesign planned"
"PR13","Privacy & GDPR","Privacy Incident / Breach","/screens/pr13/privacy-incident-breach","REDESIGN","Role workspace or client journey surface","Privacy & GDPR","Permission-derived workspace users","Existing route; redesign planned"
"PR14","Privacy & GDPR","Privacy-Preserving Dataset Register","/screens/pr14/privacy-preserving-dataset-register","REDESIGN","Role workspace or client journey surface","Privacy & GDPR","Permission-derived workspace users","Existing route; redesign planned"
"CS01","Clinical Safety & Safeguarding","Clinical Safety Dashboard","/screens/cs01/clinical-safety-dashboard","REDESIGN","Role workspace or operational queue","Clinical Safety & Safeguarding","Permission-derived workspace users","Existing route; redesign planned"
"CS02","Clinical Safety & Safeguarding","Hazard Log","/screens/cs02/hazard-log","REDESIGN","Role workspace or client journey surface","Clinical Safety & Safeguarding","Permission-derived workspace users","Existing route; redesign planned"
"CS03","Clinical Safety & Safeguarding","Hazard Detail","/screens/cs03/hazard-detail","EMBED","Contextual detail, tab, drawer or review panel","Clinical Safety & Safeguarding","Permission-derived workspace users","Existing route; redesign planned"
"CS04","Clinical Safety & Safeguarding","Clinical Risk Management Plan","/screens/cs04/clinical-risk-management-plan","REDESIGN","Role workspace or client journey surface","Clinical Safety & Safeguarding","Permission-derived workspace users","Existing route; redesign planned"
"CS05","Clinical Safety & Safeguarding","Risk Control / Mitigation","/screens/cs05/risk-control-mitigation","REDESIGN","Role workspace or client journey surface","Clinical Safety & Safeguarding","Permission-derived workspace users","Existing route; redesign planned"
"CS06","Clinical Safety & Safeguarding","Safety Evidence","/screens/cs06/safety-evidence","EMBED","Contextual detail, tab, drawer or review panel","Clinical Safety & Safeguarding","Permission-derived workspace users","Existing route; redesign planned"
"CS07","Clinical Safety & Safeguarding","Clinical Safety Case","/screens/cs07/clinical-safety-case","REDESIGN","Role workspace or client journey surface","Clinical Safety & Safeguarding","Permission-derived workspace users","Existing route; redesign planned"
"CS08","Clinical Safety & Safeguarding","Clinical Safety Approval","/screens/cs08/clinical-safety-approval","REDESIGN","Role workspace or client journey surface","Clinical Safety & Safeguarding","Permission-derived workspace users","Existing route; redesign planned"
"CS09","Clinical Safety & Safeguarding","Safety Incident / Near Miss","/screens/cs09/safety-incident-near-miss","REDESIGN","Role workspace or client journey surface","Clinical Safety & Safeguarding","Permission-derived workspace users","Existing route; redesign planned"
"CS10","Clinical Safety & Safeguarding","Investigation","/screens/cs10/investigation","REDESIGN","Role workspace or client journey surface","Clinical Safety & Safeguarding","Permission-derived workspace users","Existing route; redesign planned"
"CS11","Clinical Safety & Safeguarding","Corrective / Preventive Actions","/screens/cs11/corrective-preventive-actions","REDESIGN","Role workspace or client journey surface","Clinical Safety & Safeguarding","Permission-derived workspace users","Existing route; redesign planned"
"CS12","Clinical Safety & Safeguarding","Safeguarding Review","/screens/cs12/safeguarding-review","EMBED","Contextual detail, tab, drawer or review panel","Clinical Safety & Safeguarding","Permission-derived workspace users","Existing route; redesign planned"
"CS13","Clinical Safety & Safeguarding","Escalation Audit","/screens/cs13/escalation-audit","REDESIGN","Role workspace or operational queue","Clinical Safety & Safeguarding","Permission-derived workspace users","Existing route; redesign planned"
"INT01","Integration Management","Integration Dashboard","/screens/int01/integration-dashboard","REDESIGN","Role workspace or operational queue","Integration Management","Permission-derived workspace users","Existing route; redesign planned"
"INT02","Integration Management","Integration Catalogue","/screens/int02/integration-catalogue","REDESIGN","Role workspace or operational queue","Integration Management","Permission-derived workspace users","Existing route; redesign planned"
"INT03","Integration Management","Integration Instance","/screens/int03/integration-instance","REDESIGN","Role workspace or client journey surface","Integration Management","Permission-derived workspace users","Existing route; redesign planned"
"INT04","Integration Management","FHIR Configuration","/screens/int04/fhir-configuration","REDESIGN","Role workspace or operational queue","Integration Management","Permission-derived workspace users","Existing route; redesign planned"
"INT05","Integration Management","FHIR Capability / Profile","/screens/int05/fhir-capability-profile","REDESIGN","Role workspace or client journey surface","Integration Management","Permission-derived workspace users","Existing route; redesign planned"
"INT06","Integration Management","FHIR Transaction Monitor","/screens/int06/fhir-transaction-monitor","REDESIGN","Role workspace or client journey surface","Integration Management","Permission-derived workspace users","Existing route; redesign planned"
"INT07","Integration Management","HL7 Interface Configuration","/screens/int07/hl7-interface-configuration","REDESIGN","Role workspace or operational queue","Integration Management","Permission-derived workspace users","Existing route; redesign planned"
"INT08","Integration Management","HL7 Message Monitor","/screens/int08/hl7-message-monitor","REDESIGN","Role workspace or client journey surface","Integration Management","Permission-derived workspace users","Existing route; redesign planned"
"INT09","Integration Management","LIS Integration","/screens/int09/lis-integration","REDESIGN","Role workspace or client journey surface","Integration Management","Permission-derived workspace users","Existing route; redesign planned"
"INT10","Integration Management","Terminology Service","/screens/int10/terminology-service","REDESIGN","Role workspace or client journey surface","Integration Management","Permission-derived workspace users","Existing route; redesign planned"
"INT11","Integration Management","Identity Provider / SSO","/screens/int11/identity-provider-sso","REDESIGN","Role workspace or client journey surface","Integration Management","Permission-derived workspace users","Existing route; redesign planned"
"INT12","Integration Management","Email / Messaging Provider","/screens/int12/email-messaging-provider","REDESIGN","Role workspace or client journey surface","Integration Management","Permission-derived workspace users","Existing route; redesign planned"
"INT13","Integration Management","Telehealth Provider","/screens/int13/telehealth-provider","REDESIGN","Role workspace or client journey surface","Integration Management","Permission-derived workspace users","Existing route; redesign planned"
"INT14","Integration Management","Drug Knowledge Provider","/screens/int14/drug-knowledge-provider","REDESIGN","Role workspace or client journey surface","Integration Management","Permission-derived workspace users","Existing route; redesign planned"
"INT15","Integration Management","Webhook / API Management","/screens/int15/webhook-api-management","REDESIGN","Role workspace or client journey surface","Integration Management","Permission-derived workspace users","Existing route; redesign planned"
"INT16","Integration Management","Integration Errors / Replay","/screens/int16/integration-errors-replay","REDESIGN","Role workspace or client journey surface","Integration Management","Permission-derived workspace users","Existing route; redesign planned"
"AU01","Audit & Compliance","Audit Dashboard","/screens/au01/audit-dashboard","REDESIGN","Role workspace or operational queue","Audit & Compliance","Permission-derived workspace users","Existing route; redesign planned"
"AU02","Audit & Compliance","Audit Explorer","/screens/au02/audit-explorer","REDESIGN","Role workspace or operational queue","Audit & Compliance","Permission-derived workspace users","Existing route; redesign planned"
"AU03","Audit & Compliance","User Activity","/screens/au03/user-activity","REDESIGN","Role workspace or client journey surface","Audit & Compliance","Permission-derived workspace users","Existing route; redesign planned"
"AU04","Audit & Compliance","Client Record Access History","/screens/au04/client-record-access-history","EMBED","Contextual detail, tab, drawer or review panel","Audit & Compliance","Permission-derived workspace users","Existing route; redesign planned"
"AU05","Audit & Compliance","Record Change History","/screens/au05/record-change-history","EMBED","Contextual detail, tab, drawer or review panel","Audit & Compliance","Permission-derived workspace users","Existing route; redesign planned"
"AU06","Audit & Compliance","Permission / Role Change History","/screens/au06/permission-role-change-history","EMBED","Contextual detail, tab, drawer or review panel","Audit & Compliance","Permission-derived workspace users","Existing route; redesign planned"
"AU07","Audit & Compliance","Consent Access History","/screens/au07/consent-access-history","EMBED","Contextual detail, tab, drawer or review panel","Audit & Compliance","Permission-derived workspace users","Existing route; redesign planned"
"AU08","Audit & Compliance","Break-Glass Access","/screens/au08/break-glass-access","REDESIGN","Role workspace or client journey surface","Audit & Compliance","Permission-derived workspace users","Existing route; redesign planned"
"AU09","Audit & Compliance","Data Export History","/screens/au09/data-export-history","EMBED","Contextual detail, tab, drawer or review panel","Audit & Compliance","Permission-derived workspace users","Existing route; redesign planned"
"AU10","Audit & Compliance","Integration Audit","/screens/au10/integration-audit","REDESIGN","Role workspace or operational queue","Audit & Compliance","Permission-derived workspace users","Existing route; redesign planned"
"AU11","Audit & Compliance","AI Audit","/screens/au11/ai-audit","REDESIGN","Role workspace or operational queue","Audit & Compliance","Permission-derived workspace users","Existing route; redesign planned"
"AU12","Audit & Compliance","Compliance Evidence Export","/screens/au12/compliance-evidence-export","EMBED","Contextual detail, tab, drawer or review panel","Audit & Compliance","Permission-derived workspace users","Existing route; redesign planned"
"SEC01","Security","Security Dashboard","/screens/sec01/security-dashboard","REDESIGN","Role workspace or operational queue","Security","Permission-derived workspace users","Existing route; redesign planned"
"SEC02","Security","Authentication Policy","/screens/sec02/authentication-policy","REDESIGN","Role workspace or client journey surface","Security","Permission-derived workspace users","Existing route; redesign planned"
"SEC03","Security","MFA Policy","/screens/sec03/mfa-policy","MERGE","Guided workflow step, modal or inline action","Security","Permission-derived workspace users","Existing route; redesign planned"
"SEC04","Security","SSO Configuration","/screens/sec04/sso-configuration","REDESIGN","Role workspace or operational queue","Security","Permission-derived workspace users","Existing route; redesign planned"
"SEC05","Security","Session Policy","/screens/sec05/session-policy","REDESIGN","Role workspace or client journey surface","Security","Permission-derived workspace users","Existing route; redesign planned"
"SEC06","Security","IP / Network Restrictions","/screens/sec06/ip-network-restrictions","REDESIGN","Role workspace or client journey surface","Security","Permission-derived workspace users","Existing route; redesign planned"
"SEC07","Security","Sensitive Record Policy","/screens/sec07/sensitive-record-policy","REDESIGN","Role workspace or client journey surface","Security","Permission-derived workspace users","Existing route; redesign planned"
"SEC08","Security","Break-Glass Configuration","/screens/sec08/break-glass-configuration","REDESIGN","Role workspace or operational queue","Security","Permission-derived workspace users","Existing route; redesign planned"
"SEC09","Security","Active Sessions","/screens/sec09/active-sessions","REDESIGN","Role workspace or client journey surface","Security","Permission-derived workspace users","Existing route; redesign planned"
"SEC10","Security","Security Events","/screens/sec10/security-events","REDESIGN","Role workspace or operational queue","Security","Permission-derived workspace users","Existing route; redesign planned"
"SEC11","Security","API Credentials / Service Accounts","/screens/sec11/api-credentials-service-accounts","REDESIGN","Role workspace or client journey surface","Security","Permission-derived workspace users","Existing route; redesign planned"
"SEC12","Security","Security Audit","/screens/sec12/security-audit","REDESIGN","Role workspace or operational queue","Security","Permission-derived workspace users","Existing route; redesign planned"
"OFF01","Offline & Mobile Operations","Offline Status","/screens/off01/offline-status","REDESIGN","Role workspace or client journey surface","Offline & Mobile Operations","Permission-derived workspace users","Existing route; redesign planned"
"OFF02","Offline & Mobile Operations","Download Assigned Work","/screens/off02/download-assigned-work","MERGE","Guided workflow step, modal or inline action","Offline & Mobile Operations","Permission-derived workspace users","Existing route; redesign planned"
"OFF03","Offline & Mobile Operations","Offline Rounds","/screens/off03/offline-rounds","REDESIGN","Role workspace or client journey surface","Offline & Mobile Operations","Permission-derived workspace users","Existing route; redesign planned"
"OFF04","Offline & Mobile Operations","Offline Observations","/screens/off04/offline-observations","REDESIGN","Role workspace or client journey surface","Offline & Mobile Operations","Permission-derived workspace users","Existing route; redesign planned"
"OFF05","Offline & Mobile Operations","Offline Tasks","/screens/off05/offline-tasks","REDESIGN","Role workspace or client journey surface","Offline & Mobile Operations","Permission-derived workspace users","Existing route; redesign planned"
"OFF06","Offline & Mobile Operations","Pending Synchronisation","/screens/off06/pending-synchronisation","REDESIGN","Role workspace or client journey surface","Offline & Mobile Operations","Permission-derived workspace users","Existing route; redesign planned"
"OFF07","Offline & Mobile Operations","Sync Conflict Resolution","/screens/off07/sync-conflict-resolution","REDESIGN","Role workspace or client journey surface","Offline & Mobile Operations","Permission-derived workspace users","Existing route; redesign planned"
"OFF08","Offline & Mobile Operations","Device / Offline Data Management","/screens/off08/device-offline-data-management","REDESIGN","Role workspace or client journey surface","Offline & Mobile Operations","Permission-derived workspace users","Existing route; redesign planned"
"UI5-TH01","Therapy Management","Clinician My Day","/therapy","REDESIGN","Role workspace or operational queue","Therapy Management","Assigned clinician","UI-5 implemented"
"UI5-TH02","Therapy Management","Therapy Session Queue","/therapy/sessions","REDESIGN","Role workspace or operational queue","Therapy Management","Assigned clinician; centre operations read-only","UI-5 implemented; permission/module/location scoped"
"UI5-TH03","Therapy Management","Individual Session Workspace","/therapy/sessions/:sessionId","REDESIGN","Clinical work queue, assessment workspace, care team, treatment plan or MDT","Therapy Management","Assigned therapist; authorized signer","UI-5 implemented"
"UI5-TH04","Therapy Management","Group Session Workspace","/therapy/groups/:sessionId","REDESIGN","Clinical work queue, assessment workspace, care team, treatment plan or MDT","Therapy Management","Facilitator; authorized reviewer","UI-5 implemented"
"UI5-TH05","Therapy Management","Family Session Workspace","/therapy/family/:sessionId","REDESIGN","Clinical work queue, assessment workspace, care team, treatment plan or MDT","Therapy Management","Authorized therapist","UI-5 implemented"
"UI5-AS01","Standardised Assessments","Assessment Catalogue and Due Queue","/assessments/standardized","REDESIGN","Role workspace or operational queue","Standardised Assessments","Authorized clinician","UI-5 implemented"
"UI5-AS02","Standardised Assessments","Assessment Form and Result","/assessments/standardized/:assignmentId","REDESIGN","Clinical work queue, assessment workspace, care team, treatment plan or MDT","Standardised Assessments","Assigned respondent; authorized signer","UI-5 implemented"
"UI5-P360-01","Client 360","Therapy / Sessions","/clients/:clientId/sessions","EMBED","Contextual detail, tab, drawer or review panel","Client 360","Permission-derived clinical users; scoped operational scheduling","UI-5 implemented; clinical documentation restricted"
"UI5-P360-02","Client 360","Standardized Assessment History and Trend","/clients/:clientId/assessments/standardized","EMBED","Contextual detail, tab, drawer or review panel","Client 360","Permission-derived clinical users","UI-5 implemented"
"UI6-N01","Nursing","Nursing My Shift","/nursing/my-shift","REDESIGN","Role workspace or operational queue","Nursing","Nurse; authorized nursing users","UI-6 implemented mock workflow"
"UI6-N02","Nursing","Nursing Resident Context","/clients/:clientId/nursing","EMBED","Contextual detail, tab, drawer or review panel","Nursing","Scoped nursing/residential users","UI-6 implemented mock workflow"
"UI6-M01","Medication","Medication Orders","/clients/:clientId/medications","EMBED","Contextual detail, tab, drawer or review panel","Medication","Authorized prescriber; read-only nursing users","UI-6 implemented mock workflow"
"UI6-M02","Medication","Medication Administration Record","/medication/mar","REDESIGN","Role workspace or operational queue","Medication","Authorized MAR users","UI-6 implemented mock workflow"
"UI6-R01","Residential Care","Residential My Shift","/residential/my-shift","REDESIGN","Role workspace or operational queue","Residential Care","Residential staff; supervisors","UI-6 implemented mock workflow"
"UI6-R02","Residential Care","Residential Incidents","/incidents","REDESIGN","Role workspace or operational queue","Residential Care","Incident creators/reviewers","UI-6 implemented mock workflow"
"UI6-H01","Shift Handover","Shift Handover","/handover","REDESIGN","Role workspace or operational queue","Shift Handover","Authorized nursing/residential staff","UI-6 implemented mock workflow"
"UI6-F01","Facility, Bed & Leave","Bed Board","/facility/bed-board","REDESIGN","Role workspace or operational queue","Facility","Centre operations/facility users","UI-6 implemented mock workflow"
"UI6-F02","Facility, Bed & Leave","Bed Transfer","/facility/transfers","MERGE","Guided workflow step, modal or inline action","Facility","Authorized facility users","UI-6 implemented mock workflow"
"UI6-F03","Facility, Bed & Leave","Temporary Leave / Return","/facility/leave","MERGE","Guided workflow step, modal or inline action","Facility","Authorized facility users","UI-6 implemented mock workflow"
